fL_a,delta_fL,fL_b,v_g,num_samples,seed,Gamma_T_EE_xi0,Gamma_T_full_xi0,Gamma_T_EE_norm_xi0,Gamma_T_EE_piece_over_2EE0,Gamma_T_PE_piece_over_2EE0,Gamma_T_EP_piece_over_2EE0,Gamma_T_PP_piece_over_2EE0,method
500.0,1e-05,500.00001,1.0,0,20260723,2.0943951023931953,4.188789566512969,0.9999998476234448,0.5,7.599088773175336e-08,7.599088317230029e-08,0.49999999960521585,exact GR tensor xi=0 angular integral
500.0,1.0211726652044657e-05,500.00001021172665,1.0,0,20260723,2.0943951023931953,4.188789566442203,0.9999998476065508,0.5,7.599088773175336e-08,7.599088307576451e-08,0.4999999995883216,exact GR tensor xi=0 angular integral
500.0,1.0427936121607916e-05,500.0000104279361,1.0,0,20260723,2.0943951023931953,4.188789566368409,0.9999998475889337,0.5,7.599088773175336e-08,7.599088297718483e-08,0.4999999995707044,exact GR tensor xi=0 angular integral
500.0,1.0648723321884253e-05,500.00001064872333,1.0,0,20260723,2.0943951023931953,4.188789566291456,0.9999998475705627,0.5,7.599088773175336e-08,7.599088287651792e-08,0.49999999955233326,exact GR tensor xi=0 angular integral
500.0,1.0874185175633494e-05,500.0000108741852,1.0,0,20260723,2.0943951023931953,4.188789566211211,0.9999998475514055,0.5,7.599088773175336e-08,7.599088277371966e-08,0.499999999533176,exact GR tensor xi=0 angular integral
500.0,1.1104420657728544e-05,500.00001110442065,1.0,0,20260723,2.0943951023931953,4.188789566127531,0.9999998475314285,0.5,7.599088773175336e-08,7.599088266874486e-08,0.4999999995131989,exact GR tensor xi=0 angular integral
500.0,1.1339530838604183e-05,500.00001133953083,1.0,0,20260723,2.0943951023931953,4.188789566040271,0.9999998475105967,0.5,7.599088773175336e-08,7.599088256154748e-08,0.49999999949236695,exact GR tensor xi=0 angular integral
500.0,1.1579618928625662e-05,500.00001157961896,1.0,0,20260723,2.0943951023931953,4.188789565949277,0.9999998474888733,0.5,7.599088773175336e-08,7.599088245208045e-08,0.4999999994706435,exact GR tensor xi=0 angular integral
500.0,1.1824790323396722e-05,500.0000118247903,1.0,0,20260723,2.0943951023931953,4.188789565854388,0.9999998474662203,0.5,7.599088773175336e-08,7.599088234029573e-08,0.4999999994479904,exact GR tensor xi=0 angular integral
500.0,1.2075152650027005e-05,500.00001207515265,1.0,0,20260723,2.0943951023931953,4.188789565755439,0.999999847442598,0.5,7.599088773175336e-08,7.59908822261442e-08,0.4999999994243679,exact GR tensor xi=0 angular integral
500.0,1.2330815814378843e-05,500.0000123308158,1.0,0,20260723,2.0943951023931953,4.188789565652256,0.9999998474179648,0.5,7.599088773175336e-08,7.599088210957579e-08,0.49999999939973455,exact GR tensor xi=0 angular integral
500.0,1.2591892049314616e-05,500.0000125918921,1.0,0,20260723,2.0943951023931953,4.188789565544656,0.9999998473922773,0.5,7.599088773175336e-08,7.59908819905393e-08,0.499999999374047,exact GR tensor xi=0 angular integral
500.0,1.28584959639655e-05,500.00001285849595,1.0,0,20260723,2.0943951023931953,4.188789565432453,0.9999998473654905,0.5,7.599088773175336e-08,7.599088186898252e-08,0.4999999993472602,exact GR tensor xi=0 angular integral
500.0,1.3130744594043515e-05,500.0000131307446,1.0,0,20260723,2.0943951023931953,4.188789565315448,0.9999998473375576,0.5,7.599088773175336e-08,7.599088174485201e-08,0.49999999931932715,exact GR tensor xi=0 angular integral
500.0,1.3408757453218545e-05,500.00001340875747,1.0,0,20260723,2.0943951023931953,4.188789565193435,0.9999998473084293,0.5,7.599088773175336e-08,7.599088161809339e-08,0.49999999929019867,exact GR tensor xi=0 angular integral
500.0,1.3692656585583424e-05,500.0000136926566,1.0,0,20260723,2.0943951023931953,4.188789565066201,0.9999998472780545,0.5,7.599088773175336e-08,7.599088148865091e-08,0.4999999992598237,exact GR tensor xi=0 angular integral
500.0,1.3982566619229703e-05,500.0000139825666,1.0,0,20260723,2.0943951023931953,4.188789564933522,0.9999998472463798,0.5,7.599088773175336e-08,7.599088135646781e-08,0.4999999992281489,exact GR tensor xi=0 angular integral
500.0,1.4278614820957762e-05,500.0000142786148,1.0,0,20260723,2.0943951023931953,4.188789564795166,0.9999998472133497,0.5,7.599088773175336e-08,7.599088122148603e-08,0.4999999991951186,exact GR tensor xi=0 angular integral
500.0,1.4580931152145421e-05,500.0000145809312,1.0,0,20260723,2.0943951023931953,4.188789564650889,0.999999847178906,0.5,7.599088773175336e-08,7.59908810836463e-08,0.49999999916067484,exact GR tensor xi=0 angular integral
500.0,1.488964832579916e-05,500.0000148896483,1.0,0,20260723,2.0943951023931953,4.188789564500437,0.9999998471429884,0.5,7.599088773175336e-08,7.599088094288821e-08,0.49999999912475707,exact GR tensor xi=0 angular integral
500.0,1.5204901864813536e-05,500.00001520490184,1.0,0,20260723,2.0943951023931953,4.188789564343548,0.9999998471055337,0.5,7.599088773175336e-08,7.599088079914983e-08,0.49999999908730225,exact GR tensor xi=0 angular integral
500.0,1.552683016146399e-05,500.00001552683017,1.0,0,20260723,2.0943951023931953,4.1887895641799435,0.9999998470664762,0.5,7.599088773175336e-08,7.599088065236814e-08,0.4999999990482446,exact GR tensor xi=0 angular integral
500.0,1.5855574538159232e-05,500.00001585557453,1.0,0,20260723,2.0943951023931953,4.1887895640093395,0.9999998470257474,0.5,7.599088773175336e-08,7.599088050247871e-08,0.49999999900751557,exact GR tensor xi=0 angular integral
500.0,1.6191279309480128e-05,500.0000161912793,1.0,0,20260723,2.0943951023931953,4.188789563831433,0.9999998469832754,0.5,7.599088773175336e-08,7.599088034941569e-08,0.49999999896504355,exact GR tensor xi=0 angular integral
500.0,1.653409184553174e-05,500.00001653409186,1.0,0,20260723,2.0943951023931953,4.188789563645915,0.9999998469389861,0.5,7.599088773175336e-08,7.599088019311194e-08,0.49999999892075403,exact GR tensor xi=0 angular integral
500.0,1.688416263663707e-05,500.0000168841626,1.0,0,20260723,2.0943951023931953,4.188789563452457,0.9999998468928014,0.5,7.599088773175336e-08,7.599088003349881e-08,0.4999999988745692,exact GR tensor xi=0 angular integral
500.0,1.72416453594003e-05,500.00001724164537,1.0,0,20260723,2.0943951023931953,4.18878956325072,0.9999998468446403,0.5,7.599088773175336e-08,7.599087987050626e-08,0.49999999882640794,exact GR tensor xi=0 angular integral
500.0,1.760669694416901e-05,500.00001760669693,1.0,0,20260723,2.0943951023931953,4.18878956304035,0.9999998467944182,0.5,7.599088773175336e-08,7.599087970406275e-08,0.49999999877618573,exact GR tensor xi=0 angular integral
500.0,1.7979477643924387e-05,500.00001797947766,1.0,0,20260723,2.0943951023931953,4.188789562820978,0.999999846742047,0.5,7.599088773175336e-08,7.599087953409514e-08,0.4999999987238143,exact GR tensor xi=0 angular integral
500.0,1.8360151104630375e-05,500.0000183601511,1.0,0,20260723,2.0943951023931953,4.188789562592218,0.9999998466874346,0.5,7.599088773175336e-08,7.599087936052889e-08,0.4999999986692017,exact GR tensor xi=0 angular integral
500.0,1.8748884437072113e-05,500.00001874888443,1.0,0,20260723,2.0943951023931953,4.188789562353669,0.9999998466304851,0.5,7.599088773175336e-08,7.599087918328776e-08,0.49999999861225203,exact GR tensor xi=0 angular integral
500.0,1.9145848290215416e-05,500.0000191458483,1.0,0,20260723,2.0943951023931953,4.188789562104911,0.9999998465710985,0.5,7.599088773175336e-08,7.599087900229398e-08,0.49999999855286525,exact GR tensor xi=0 angular integral
500.0,1.9551216926119638e-05,500.00001955121695,1.0,0,20260723,2.0943951023931953,4.188789561845508,0.9999998465091706,0.5,7.599088773175336e-08,7.599087881746807e-08,0.4999999984909372,exact GR tensor xi=0 angular integral
500.0,1.996516829643625e-05,500.0000199651683,1.0,0,20260723,2.0943951023931953,4.188789561575003,0.9999998464445925,0.5,7.599088773175336e-08,7.599087862872895e-08,0.4999999984263589,exact GR tensor xi=0 angular integral
500.0,2.0387884120527508e-05,500.00002038788415,1.0,0,20260723,2.0943951023931953,4.188789561292924,0.9999998463772509,0.5,7.599088773175336e-08,7.599087843599363e-08,0.4999999983590171,exact GR tensor xi=0 angular integral
500.0,2.0819549965238875e-05,500.00002081954995,1.0,0,20260723,2.0943951023931953,4.188789560998773,0.9999998463070275,0.5,7.599088773175336e-08,7.599087823917768e-08,0.49999999828879355,exact GR tensor xi=0 angular integral
500.0,2.126035532636048e-05,500.0000212603553,1.0,0,20260723,2.0943951023931953,4.188789560692034,0.9999998462337991,0.5,7.599088773175336e-08,7.599087803819456e-08,0.49999999821556484,exact GR tensor xi=0 angular integral
500.0,2.1710493711813488e-05,500.0000217104937,1.0,0,20260723,2.0943951023931953,4.188789560372169,0.9999998461574369,0.5,7.599088773175336e-08,7.599087783295609e-08,0.49999999813920243,exact GR tensor xi=0 angular integral
500.0,2.217016272659737e-05,500.0000221701627,1.0,0,20260723,2.0943951023931953,4.188789560038615,0.9999998460778068,0.5,7.599088773175336e-08,7.59908776233722e-08,0.4999999980595722,exact GR tensor xi=0 angular integral
500.0,2.263956415953614e-05,500.0000226395642,1.0,0,20260723,2.0943951023931953,4.188789559690788,0.999999845994769,0.5,7.599088773175336e-08,7.599087740935084e-08,0.4999999979765342,exact GR tensor xi=0 angular integral
500.0,2.3118904071861016e-05,500.0000231189041,1.0,0,20260723,2.0943951023931953,4.188789559328075,0.9999998459081778,0.5,7.599088773175336e-08,7.599087719079807e-08,0.4999999978899428,exact GR tensor xi=0 angular integral
500.0,2.360839288766864e-05,500.0000236083929,1.0,0,20260723,2.0943951023931953,4.188789558949841,0.9999998458178812,0.5,7.599088773175336e-08,7.5990876967618e-08,0.4999999977996459,exact GR tensor xi=0 angular integral
500.0,2.4108245486294734e-05,500.0000241082455,1.0,0,20260723,2.0943951023931953,4.188789558555421,0.9999998457237202,0.5,7.599088773175336e-08,7.599087673971258e-08,0.49999999770548476,exact GR tensor xi=0 angular integral
500.0,2.4618681296643122e-05,500.0000246186813,1.0,0,20260723,2.0943951023931953,4.188789558144122,0.9999998456255299,0.5,7.599088773175336e-08,7.59908765069818e-08,0.4999999976072942,exact GR tensor xi=0 angular integral
500.0,2.5139924393512387e-05,500.0000251399244,1.0,0,20260723,2.0943951023931953,4.188789557715222,0.9999998455231376,0.5,7.599088773175336e-08,7.59908762693235e-08,0.49999999750490165,exact GR tensor xi=0 angular integral
500.0,2.567220359596175e-05,500.0000256722036,1.0,0,20260723,2.0943951023931953,4.1887895572679685,0.9999998454163636,0.5,7.599088773175336e-08,7.599087602663336e-08,0.49999999739812734,exact GR tensor xi=0 angular integral
500.0,2.6215752567759926e-05,500.00002621575254,1.0,0,20260723,2.0943951023931953,4.1887895568015745,0.9999998453050203,0.5,7.599088773175336e-08,7.599087577880482e-08,0.49999999728678385,exact GR tensor xi=0 angular integral
500.0,2.6770809919960217e-05,500.00002677080994,1.0,0,20260723,2.0943951023931953,4.188789556315223,0.9999998451889123,0.5,7.599088773175336e-08,7.599087552572907e-08,0.4999999971706755,exact GR tensor xi=0 angular integral
500.0,2.733761931564792e-05,500.0000273376193,1.0,0,20260723,2.0943951023931953,4.188789555808058,0.9999998450678356,0.5,7.599088773175336e-08,7.599087526729503e-08,0.4999999970495985,exact GR tensor xi=0 angular integral
500.0,2.791642957690527e-05,500.0000279164296,1.0,0,20260723,2.0943951023931953,4.188789555279189,0.9999998449415775,0.5,7.599088773175336e-08,7.599087500338925e-08,0.4999999969233402,exact GR tensor xi=0 angular integral
500.0,2.8507494794041066e-05,500.0000285074948,1.0,0,20260723,2.0943951023931953,4.1887895547276885,0.9999998448099163,0.5,7.599088773175336e-08,7.599087473389592e-08,0.4999999967916788,exact GR tensor xi=0 angular integral
500.0,2.9111074437133347e-05,500.0000291110744,1.0,0,20260723,2.0943951023931953,4.188789554152586,0.9999998446726208,0.5,7.599088773175336e-08,7.599087445869665e-08,0.4999999966543831,exact GR tensor xi=0 angular integral
500.0,2.972743346993305e-05,500.00002972743346,1.0,0,20260723,2.0943951023931953,4.188789553552874,0.9999998445294501,0.5,7.599088773175336e-08,7.59908741776707e-08,0.4999999965112121,exact GR tensor xi=0 angular integral
500.0,3.0356842466179967e-05,500.00003035684244,1.0,0,20260723,2.0943951023931953,4.188789552927498,0.9999998443801527,0.5,7.599088773175336e-08,7.599087389069467e-08,0.4999999963619143,exact GR tensor xi=0 angular integral
500.0,3.099957772838104e-05,500.00003099957775,1.0,0,20260723,2.0943951023931953,4.1887895522753595,0.9999998442244661,0.5,7.599088773175336e-08,7.599087359764262e-08,0.4999999962062274,exact GR tensor xi=0 angular integral
500.0,3.1655921409103856e-05,500.0000316559214,1.0,0,20260723,2.0943951023931953,4.188789551595314,0.9999998440621172,0.5,7.599088773175336e-08,7.599087329838587e-08,0.4999999960438782,exact GR tensor xi=0 angular integral
500.0,3.2326161634837684e-05,500.00003232616166,1.0,0,20260723,2.0943951023931953,4.188789550886167,0.9999998438928207,0.5,7.599088773175336e-08,7.599087299279306e-08,0.49999999587458144,exact GR tensor xi=0 angular integral
500.0,3.301059263247755e-05,500.00003301059263,1.0,0,20260723,2.0943951023931953,4.188789550146672,0.9999998437162794,0.5,7.599088773175336e-08,7.599087268073003e-08,0.4999999956980399,exact GR tensor xi=0 angular integral
500.0,3.3709514858485996e-05,500.00003370951487,1.0,0,20260723,2.0943951023931953,4.1887895493755325,0.9999998435321833,0.5,7.599088773175336e-08,7.59908723620598e-08,0.4999999955139435,exact GR tensor xi=0 angular integral
500.0,3.442323513078961e-05,500.00003442323515,1.0,0,20260723,2.0943951023931953,4.188789548571393,0.9999998433402091,0.5,7.599088773175336e-08,7.59908720366425e-08,0.4999999953219689,exact GR tensor xi=0 angular integral
500.0,3.5152066763468416e-05,500.00003515206674,1.0,0,20260723,2.0943951023931953,4.188789547732841,0.9999998431400197,0.5,7.599088773175336e-08,7.599087170433524e-08,0.49999999512177906,exact GR tensor xi=0 angular integral
500.0,3.589632970429635e-05,500.0000358963297,1.0,0,20260723,2.0943951023931953,4.188789546858405,0.9999998429312633,0.5,7.599088773175336e-08,7.599087136499213e-08,0.4999999949130224,exact GR tensor xi=0 angular integral
500.0,3.665635067519453e-05,500.0000366563507,1.0,0,20260723,2.0943951023931953,4.188789545946547,0.9999998427135735,0.5,7.599088773175336e-08,7.599087101846421e-08,0.49999999469533224,exact GR tensor xi=0 angular integral
500.0,3.743246331565792e-05,500.00003743246333,1.0,0,20260723,2.0943951023931953,4.188789544995669,0.9999998424865679,0.5,7.599088773175336e-08,7.59908706645994e-08,0.4999999944683264,exact GR tensor xi=0 angular integral
500.0,3.8225008329218704e-05,500.0000382250083,1.0,0,20260723,2.0943951023931953,4.1887895440040985,0.999999842249848,0.5,7.599088773175336e-08,7.599087030324231e-08,0.49999999423160607,exact GR tensor xi=0 angular integral
500.0,3.9034333633011164e-05,500.0000390343336,1.0,0,20260723,2.0943951023931953,4.188789542970096,0.9999998420029981,0.5,7.599088773175336e-08,7.599086993423438e-08,0.4999999939847557,exact GR tensor xi=0 angular integral
500.0,3.986079451050232e-05,500.0000398607945,1.0,0,20260723,2.0943951023931953,4.188789541891845,0.9999998417455844,0.5,7.599088773175336e-08,7.599086955741352e-08,0.49999999372734166,exact GR tensor xi=0 angular integral
500.0,4.0704753767457185e-05,500.00004070475376,1.0,0,20260723,2.0943951023931953,4.18878954076745,0.999999841477155,0.5,7.599088773175336e-08,7.59908691726144e-08,0.49999999345891194,exact GR tensor xi=0 angular integral
500.0,4.156658189120577e-05,500.0000415665819,1.0,0,20260723,2.0943951023931953,4.188789539594939,0.9999998411972386,0.5,7.599088773175336e-08,7.599086877966803e-08,0.49999999317899513,exact GR tensor xi=0 angular integral
500.0,4.244665721328218e-05,500.00004244665723,1.0,0,20260723,2.0943951023931953,4.1887895383722515,0.9999998409053436,0.5,7.599088773175336e-08,7.599086837840196e-08,0.4999999928870997,exact GR tensor xi=0 angular integral
500.0,4.334536607550772e-05,500.00004334536607,1.0,0,20260723,2.0943951023931953,4.188789537097241,0.9999998406009573,0.5,7.599088773175336e-08,7.599086796864e-08,0.499999992582713,exact GR tensor xi=0 angular integral
500.0,4.426310299958945e-05,500.000044263103,1.0,0,20260723,2.0943951023931953,4.188789535767669,0.9999998402835453,0.5,7.599088773175336e-08,7.599086755020232e-08,0.4999999922653005,exact GR tensor xi=0 angular integral
500.0,4.5200270860310534e-05,500.00004520027085,1.0,0,20260723,2.0943951023931953,4.1887895343812,0.9999998399525499,0.5,7.599088773175336e-08,7.599086712290518e-08,0.4999999919343048,exact GR tensor xi=0 angular integral
500.0,4.6157281062387054e-05,500.0000461572811,1.0,0,20260723,2.0943951023931953,4.188789532935397,0.9999998396073901,0.5,7.599088773175336e-08,7.599086668656102e-08,0.49999999158914454,exact GR tensor xi=0 angular integral
500.0,4.71345537210693e-05,500.0000471345537,1.0,0,20260723,2.0943951023931953,4.188789531427724,0.9999998392474596,0.5,7.599088773175336e-08,7.599086624097834e-08,0.4999999912292136,exact GR tensor xi=0 angular integral
500.0,4.81325178465674e-05,500.00004813251786,1.0,0,20260723,2.0943951023931953,4.188789529855533,0.9999998388721265,0.5,7.599088773175336e-08,7.599086578596144e-08,0.49999999085388,exact GR tensor xi=0 angular integral
500.0,4.9151611532380735e-05,500.0000491516115,1.0,0,20260723,2.0943951023931953,4.188789528216061,0.9999998384807315,0.5,7.599088773175336e-08,7.599086532131067e-08,0.49999999046248456,exact GR tensor xi=0 angular integral
500.0,5.019228214761579e-05,500.0000501922822,1.0,0,20260723,2.0943951023931953,4.188789526506429,0.9999998380725872,0.5,7.599088773175336e-08,7.599086484682196e-08,0.4999999900543398,exact GR tensor xi=0 angular integral
500.0,5.125498653337523e-05,500.00005125498654,1.0,0,20260723,2.0943951023931953,4.188789524723638,0.999999837646977,0.5,7.599088773175336e-08,7.599086436228709e-08,0.49999998962872905,exact GR tensor xi=0 angular integral
500.0,5.2340191203305776e-05,500.0000523401912,1.0,0,20260723,2.0943951023931953,4.188789522864554,0.9999998372031533,0.5,7.599088773175336e-08,7.599086386749335e-08,0.4999999891849049,exact GR tensor xi=0 angular integral
500.0,5.344837254839108e-05,500.00005344837257,1.0,0,20260723,2.0943951023931953,4.188789520925913,0.9999998367403369,0.5,7.599088773175336e-08,7.599086336222346e-08,0.49999998872208795,exact GR tensor xi=0 angular integral
500.0,5.458001704608172e-05,500.00005458001704,1.0,0,20260723,2.0943951023931953,4.18878951890431,0.9999998362577147,0.5,7.599088773175336e-08,7.599086284625574e-08,0.49999998823946534,exact GR tensor xi=0 angular integral
500.0,5.573562147385232e-05,500.00005573562146,1.0,0,20260723,2.0943951023931953,4.188789516796196,0.9999998357544395,0.5,7.599088773175336e-08,7.599086231936359e-08,0.49999998773618964,exact GR tensor xi=0 angular integral
500.0,5.691569312728102e-05,500.0000569156931,1.0,0,20260723,2.0943951023931953,4.188789514597867,0.9999998352296273,0.5,7.599088773175336e-08,7.59908617813157e-08,0.4999999872113769,exact GR tensor xi=0 angular integral
500.0,5.812075004274505e-05,500.00005812075005,1.0,0,20260723,2.0943951023931953,4.188789512305465,0.9999998346823565,0.5,7.599088773175336e-08,7.599086123187593e-08,0.4999999866641055,exact GR tensor xi=0 angular integral
500.0,5.9351321224832515e-05,500.0000593513212,1.0,0,20260723,2.0943951023931953,4.188789509914963,0.999999834111666,0.5,7.599088773175336e-08,7.599086067080307e-08,0.4999999860934144,exact GR tensor xi=0 angular integral
500.0,6.060794687856859e-05,500.00006060794686,1.0,0,20260723,2.0943951023931953,4.188789507422161,0.9999998335165535,0.5,7.599088773175336e-08,7.599086009785082e-08,0.4999999854983014,exact GR tensor xi=0 angular integral
500.0,6.189117864655844e-05,500.00006189117863,1.0,0,20260723,2.0943951023931953,4.188789504822683,0.999999832895974,0.5,7.599088773175336e-08,7.599085951276765e-08,0.4999999848777213,exact GR tensor xi=0 angular integral
500.0,6.320157985115179e-05,500.00006320157985,1.0,0,20260723,2.0943951023931953,4.188789502111965,0.9999998322488377,0.5,7.599088773175336e-08,7.599085891529667e-08,0.4999999842305844,exact GR tensor xi=0 angular integral
500.0,6.453972574173353e-05,500.00006453972577,1.0,0,20260723,2.0943951023931953,4.188789499285245,0.9999998315740081,0.5,7.599088773175336e-08,7.599085830517566e-08,0.49999998355575415,exact GR tensor xi=0 angular integral
500.0,6.590620374725128e-05,500.00006590620376,1.0,0,20260723,2.0943951023931953,4.18878949633756,0.9999998308703001,0.5,7.599088773175336e-08,7.599085768213683e-08,0.4999999828520455,exact GR tensor xi=0 angular integral
500.0,6.730161373408913e-05,500.00006730161374,1.0,0,20260723,2.0943951023931953,4.188789493263732,0.9999998301364778,0.5,7.599088773175336e-08,7.59908570459066e-08,0.49999998211822255,exact GR tensor xi=0 angular integral
500.0,6.872656826940112e-05,500.00006872656826,1.0,0,20260723,2.0943951023931953,4.188789490058365,0.9999998293712526,0.5,7.599088773175336e-08,7.599085639620567e-08,0.4999999813529967,exact GR tensor xi=0 angular integral
500.0,7.0181692890021e-05,500.0000701816929,1.0,0,20260723,2.0943951023931953,4.1887894867158275,0.9999998285732806,0.5,7.599088773175336e-08,7.599085573274884e-08,0.4999999805550241,exact GR tensor xi=0 angular integral
500.0,7.166762637706404e-05,500.0000716676264,1.0,0,20260723,2.0943951023931953,4.188789483230251,0.9999998277411606,0.5,7.599088773175336e-08,7.599085505524489e-08,0.4999999797229034,exact GR tensor xi=0 angular integral
500.0,7.318502103634435e-05,500.00007318502105,1.0,0,20260723,2.0943951023931953,4.188789479595514,0.9999998268734311,0.5,7.599088773175336e-08,7.599085436339636e-08,0.4999999788551732,exact GR tensor xi=0 angular integral
500.0,7.473454298472864e-05,500.000074734543,1.0,0,20260723,2.0943951023931953,4.188789475805234,0.9999998259685683,0.5,7.599088773175336e-08,7.599085365689959e-08,0.4999999779503097,exact GR tensor xi=0 angular integral
500.0,7.631687244255289e-05,500.0000763168724,1.0,0,20260723,2.0943951023931953,4.188789471852753,0.9999998250249831,0.5,7.599088773175336e-08,7.599085293544442e-08,0.49999997700672383,exact GR tensor xi=0 angular integral
500.0,7.793270403223096e-05,500.000077932704,1.0,0,20260723,2.0943951023931953,4.188789467731133,0.9999998240410186,0.5,7.599088773175336e-08,7.599085219871413e-08,0.49999997602275853,exact GR tensor xi=0 angular integral
500.0,7.95827470831841e-05,500.0000795827471,1.0,0,20260723,2.0943951023931953,4.188789463433133,0.9999998230149466,0.5,7.599088773175336e-08,7.59908514463853e-08,0.4999999749966858,exact GR tensor xi=0 angular integral
500.0,8.126772594322802e-05,500.00008126772593,1.0,0,20260723,2.0943951023931953,4.188789458951205,0.9999998219449653,0.5,7.599088773175336e-08,7.599085067812772e-08,0.4999999739267037,exact GR tensor xi=0 angular integral
500.0,8.298838029655225e-05,500.0000829883803,1.0,0,20260723,2.0943951023931953,4.18878945427748,0.9999998208291956,0.5,7.599088773175336e-08,7.599084989360407e-08,0.49999997281093317,exact GR tensor xi=0 angular integral
500.0,8.474546548843185e-05,500.0000847454655,1.0,0,20260723,2.0943951023931953,4.188789449403749,0.999999819665678,0.5,7.599088773175336e-08,7.599084909246994e-08,0.49999997164741483,exact GR tensor xi=0 angular integral
500.0,8.653975285681502e-05,500.00008653975283,1.0,0,20260723,2.0943951023931953,4.188789444321453,0.9999998184523693,0.5,7.599088773175336e-08,7.599084827437373e-08,0.4999999704341053,exact GR tensor xi=0 angular integral
500.0,8.837203007092955e-05,500.00008837203006,1.0,0,20260723,2.0943951023931953,4.188789439021668,0.9999998171871387,0.5,7.599088773175336e-08,7.599084743895627e-08,0.4999999691688739,exact GR tensor xi=0 angular integral
500.0,9.024310147706031e-05,500.00009024310145,1.0,0,20260723,2.0943951023931953,4.188789433495086,0.9999998158677644,0.5,7.599088773175336e-08,7.599084658585077e-08,0.49999996784949874,exact GR tensor xi=0 angular integral
500.0,9.215378845164654e-05,500.00009215378844,1.0,0,20260723,2.0943951023931953,4.188789427732,0.9999998144919291,0.5,7.599088773175336e-08,7.599084571468278e-08,0.4999999664736626,exact GR tensor xi=0 angular integral
500.0,9.41049297618564e-05,500.00009410492976,1.0,0,20260723,2.0943951023931953,4.1887894217222925,0.999999813057217,0.5,7.599088773175336e-08,7.59908448250699e-08,0.4999999650389496,exact GR tensor xi=0 angular integral
500.0,9.609738193379394e-05,500.0000960973819,1.0,0,20260723,2.0943951023931953,4.188789415455407,0.9999998115611084,0.5,7.599088773175336e-08,7.599084391662157e-08,0.49999996354284004,exact GR tensor xi=0 angular integral
500.0,9.813201962850382e-05,500.0000981320196,1.0,0,20260723,2.0943951023931953,4.188789408920339,0.9999998100009758,0.5,7.599088773175336e-08,7.599084298893898e-08,0.4999999619827066,exact GR tensor xi=0 angular integral
500.0,0.00010020973602593608,500.00010020973605,1.0,0,20260723,2.0943951023931953,4.188789402105612,0.9999998083740795,0.5,7.599088773175336e-08,7.599084204161488e-08,0.4999999603558093,exact GR tensor xi=0 angular integral
500.0,0.000102331443217041,500.0001023314432,1.0,0,20260723,2.0943951023931953,4.188789394999257,0.9999998066775624,0.5,7.599088773175336e-08,7.599084107423345e-08,0.49999995865929125,exact GR tensor xi=0 angular integral
500.0,0.0001044980726041652,500.00010449807263,1.0,0,20260723,2.0943951023931953,4.188789387588797,0.9999998049084453,0.5,7.599088773175336e-08,7.599084008636999e-08,0.49999995689017307,exact GR tensor xi=0 angular integral
500.0,0.00010671057530992512,500.0001067105753,1.0,0,20260723,2.0943951023931953,4.188789379861216,0.9999998030636211,0.5,7.599088773175336e-08,7.599083907759089e-08,0.49999995504534794,exact GR tensor xi=0 angular integral
500.0,0.00010896992259473808,500.0001089699226,1.0,0,20260723,2.0943951023931953,4.188789371802944,0.9999998011398503,0.5,7.599088773175336e-08,7.599083804745322e-08,0.4999999531215761,exact GR tensor xi=0 angular integral
500.0,0.0001112771062831929,500.00011127710627,1.0,0,20260723,2.0943951023931953,4.188789363399828,0.9999997991337544,0.5,7.599088773175336e-08,7.599083699550488e-08,0.49999995111547907,exact GR tensor xi=0 angular integral
500.0,0.00011363313919944856,500.0001136331392,1.0,0,20260723,2.0943951023931953,4.188789354637113,0.9999997970418103,0.5,7.599088773175336e-08,7.5990835921284e-08,0.49999994902353395,exact GR tensor xi=0 angular integral
500.0,0.00011603905561185092,500.0001160390556,1.0,0,20260723,2.0943951023931953,4.18878934549941,0.9999997948603443,0.5,7.599088773175336e-08,7.599083482431906e-08,0.4999999468420669,exact GR tensor xi=0 angular integral
500.0,0.00011849591168696301,500.0001184959117,1.0,0,20260723,2.0943951023931953,4.1887893359706725,0.9999997925855257,0.5,7.599088773175336e-08,7.599083370412847e-08,0.4999999445672471,exact GR tensor xi=0 angular integral
500.0,0.000121004785953209,500.00012100478597,1.0,0,20260723,2.0943951023931953,4.188789326034164,0.9999997902133592,0.5,7.599088773175336e-08,7.599083256022049e-08,0.4999999421950795,exact GR tensor xi=0 angular integral
500.0,0.0001235667797743342,500.0001235667798,1.0,0,20260723,2.0943951023931953,4.188789315672437,0.9999997877396791,0.5,7.599088773175336e-08,7.5990831392093e-08,0.4999999397213983,exact GR tensor xi=0 angular integral
500.0,0.00012618301783288999,500.0001261830178,1.0,0,20260723,2.0943951023931953,4.188789304867296,0.9999997851601414,0.5,7.599088773175336e-08,7.599083019923316e-08,0.49999993714185936,exact GR tensor xi=0 angular integral
500.0,0.00012885464862395486,500.0001288546486,1.0,0,20260723,2.0943951023931953,4.188789293599762,0.9999997824702159,0.5,7.599088773175336e-08,7.599082898111734e-08,0.49999993445193264,exact GR tensor xi=0 angular integral
500.0,0.00013158284495930892,500.000131582845,1.0,0,20260723,2.0943951023931953,4.188789281850049,0.9999997796651787,0.5,7.599088773175336e-08,7.599082773721081e-08,0.4999999316468942,exact GR tensor xi=0 angular integral
500.0,0.00013436880448228333,500.0001343688045,1.0,0,20260723,2.0943951023931953,4.188789269597525,0.9999997767401039,0.5,7.599088773175336e-08,7.599082646696756e-08,0.4999999287218181,exact GR tensor xi=0 angular integral
500.0,0.00013721375019351103,500.0001372137502,1.0,0,20260723,2.0943951023931953,4.1887892568206695,0.9999997736898545,0.5,7.599088773175336e-08,7.599082516982992e-08,0.4999999256715675,exact GR tensor xi=0 angular integral
500.0,0.00014011893098780728,500.000140118931,1.0,0,20260723,2.0943951023931953,4.188789243497047,0.999999770509074,0.5,7.599088773175336e-08,7.599082384522842e-08,0.49999992249078556,exact GR tensor xi=0 angular integral
500.0,0.00014308562220241973,500.0001430856222,1.0,0,20260723,2.0943951023931953,4.188789229603259,0.9999997671921763,0.5,7.599088773175336e-08,7.599082249258169e-08,0.4999999191738866,exact GR tensor xi=0 angular integral
500.0,0.00014611512617688423,500.0001461151262,1.0,0,20260723,2.0943951023931953,4.188789215114905,0.9999997637333367,0.5,7.599088773175336e-08,7.599082111129585e-08,0.4999999157150455,exact GR tensor xi=0 angular integral
500.0,0.00014920877282473548,500.0001492087728,1.0,0,20260723,2.0943951023931953,4.188789200006543,0.9999997601264807,0.5,7.599088773175336e-08,7.599081970076462e-08,0.49999991210818817,exact GR tensor xi=0 angular integral
500.0,0.00015236792021732263,500.00015236792024,1.0,0,20260723,2.0943951023931953,4.188789184251639,0.9999997563652744,0.5,7.599088773175336e-08,7.599081826036871e-08,0.4999999083469804,exact GR tensor xi=0 angular integral
500.0,0.00015559395517998473,500.0001555939552,1.0,0,20260723,2.0943951023931953,4.188789167822525,0.9999997524431123,0.5,7.599088773175336e-08,7.599081678947587e-08,0.49999990442481695,exact GR tensor xi=0 angular integral
500.0,0.00015888829390084917,500.0001588882939,1.0,0,20260723,2.0943951023931953,4.18878915069035,0.9999997483531069,0.5,7.599088773175336e-08,7.599081528744039e-08,0.49999990033481,exact GR tensor xi=0 angular integral
500.0,0.0001622523825525206,500.00016225238255,1.0,0,20260723,2.0943951023931953,4.1887891328461535,0.9999997440931189,0.5,7.599088773175336e-08,7.599081375360292e-08,0.49999989607482037,exact GR tensor xi=0 angular integral
500.0,0.00016568769792693182,500.0001656876979,1.0,0,20260723,2.0943951023931953,4.188789113913019,0.9999997395731661,0.5,7.599088773175336e-08,7.59908121872901e-08,0.49999989155486607,exact GR tensor xi=0 angular integral
500.0,0.00016919574808363721,500.0001691957481,1.0,0,20260723,2.0943951023931953,4.188789094563802,0.9999997349538807,0.5,7.599088773175336e-08,7.599081058781434e-08,0.499999886935579,exact GR tensor xi=0 angular integral
500.0,0.00017277807301183115,500.000172778073,1.0,0,20260723,2.0943951023931953,4.188789074285926,0.9999997301128942,0.5,7.599088773175336e-08,7.59908089544735e-08,0.499999882094591,exact GR tensor xi=0 angular integral
500.0,0.0001764362453063834,500.0001764362453,1.0,0,20260723,2.0943951023931953,4.188789053473345,0.9999997251442566,0.5,7.599088773175336e-08,7.599080728655065e-08,0.4999998771259517,exact GR tensor xi=0 angular integral
500.0,0.0001801718708581882,500.00018017187085,1.0,0,20260723,2.0943951023931953,4.188789031459509,0.9999997198888404,0.5,7.599088773175336e-08,7.599080558331349e-08,0.4999998718705337,exact GR tensor xi=0 angular integral
500.0,0.00018398658955913087,500.00018398658955,1.0,0,20260723,2.0943951023931953,4.188789008398731,0.9999997143834852,0.5,7.599088773175336e-08,7.599080384401437e-08,0.49999986636517685,exact GR tensor xi=0 angular integral
500.0,0.00018788207602197756,500.00018788207603,1.0,0,20260723,2.0943951023931953,4.1887889842214685,0.999999708611589,0.5,7.599088773175336e-08,7.599080206788976e-08,0.49999986059327894,exact GR tensor xi=0 angular integral
500.0,0.00019186004031551085,500.00019186004033,1.0,0,20260723,2.0943951023931953,4.188788959360976,0.9999997026765837,0.5,7.599088773175336e-08,7.599080025416002e-08,0.49999985465827174,exact GR tensor xi=0 angular integral
500.0,0.00019592222871522646,500.0001959222287,1.0,0,20260723,2.0943951023931953,4.188788933335815,0.9999996964635338,0.5,7.599088773175336e-08,7.599079840202892e-08,0.4999998484452199,exact GR tensor xi=0 angular integral
500.0,0.00020007042446992647,500.00020007042446,1.0,0,20260723,2.0943951023931953,4.188788906156077,0.9999996899748496,0.5,7.599088773175336e-08,7.59907965106834e-08,0.4999998419565338,exact GR tensor xi=0 angular integral
500.0,0.00020430644858454334,500.0002043064486,1.0,0,20260723,2.0943951023931953,4.188788877831944,0.9999996832129608,0.5,7.599088773175336e-08,7.599079457929317e-08,0.4999998351946432,exact GR tensor xi=0 angular integral
500.0,0.00020863216061953725,500.0002086321606,1.0,0,20260723,2.0943951023931953,4.188788848334384,0.9999996761709371,0.5,7.599088773175336e-08,7.59907926070105e-08,0.4999998281526175,exact GR tensor xi=0 angular integral
500.0,0.00021304945950721902,500.0002130494595,1.0,0,20260723,2.0943951023931953,4.188788817575546,0.9999996688278054,0.5,7.599088773175336e-08,7.599079059296944e-08,0.49999982080948374,exact GR tensor xi=0 angular integral
500.0,0.0002175602843853577,500.0002175602844,1.0,0,20260723,2.0943951023931953,4.188788785548633,0.9999996611819432,0.5,7.599088773175336e-08,7.599078853628597e-08,0.49999981316361947,exact GR tensor xi=0 angular integral
500.0,0.000222166615448437,500.00022216661546,1.0,0,20260723,2.0943951023931953,4.188788752049719,0.9999996531846667,0.5,7.599088773175336e-08,7.599078643605722e-08,0.4999998051663409,exact GR tensor xi=0 angular integral
500.0,0.00022687047481693577,500.0002268704748,1.0,0,20260723,2.0943951023931953,4.18878871691801,0.999999644797589,0.5,7.599088773175336e-08,7.599078429136122e-08,0.499999796779261,exact GR tensor xi=0 angular integral
500.0,0.0002316739274250129,500.00023167392743,1.0,0,20260723,2.0943951023931953,4.188788680698277,0.9999996361507646,0.5,7.599088773175336e-08,7.59907821012565e-08,0.49999978813243445,exact GR tensor xi=0 angular integral
500.0,0.00023657908192698638,500.0002365790819,1.0,0,20260723,2.0943951023931953,4.18878864253203,0.9999996270392442,0.5,7.599088773175336e-08,7.599077986478166e-08,0.49999977902091175,exact GR tensor xi=0 angular integral
500.0,0.0002415880916230063,500.0002415880916,1.0,0,20260723,2.0943951023931953,4.188788602934807,0.9999996175861035,0.5,7.599088773175336e-08,7.59907775809549e-08,0.4999997695677687,exact GR tensor xi=0 angular integral
500.0,0.0002467031554043257,500.0002467031554,1.0,0,20260723,2.0943951023931953,4.188788561732365,0.9999996077497452,0.5,7.599088773175336e-08,7.599077524877367e-08,0.49999975973140814,exact GR tensor xi=0 angular integral
500.0,0.0002519265187185865,500.00025192651873,1.0,0,20260723,2.0943951023931953,4.188788518687589,0.9999995974735616,0.5,7.599088773175336e-08,7.599077286721422e-08,0.49999974945522213,exact GR tensor xi=0 angular integral
500.0,0.00025726047455554166,500.00025726047454,1.0,0,20260723,2.0943951023931953,4.188788473654025,0.9999995867225904,0.5,7.599088773175336e-08,7.599077043523112e-08,0.4999997387042486,exact GR tensor xi=0 angular integral
500.0,0.00026270736445364813,500.00026270736447,1.0,0,20260723,2.0943951023931953,4.18878842685989,0.9999995755513136,0.5,7.599088773175336e-08,7.599076795175671e-08,0.49999972753296923,exact GR tensor xi=0 angular integral
500.0,0.00026826957952797245,500.0002682695795,1.0,0,20260723,2.0943951023931953,4.188788377996389,0.9999995638860117,0.5,7.599088773175336e-08,7.599076541570082e-08,0.49999971586766484,exact GR tensor xi=0 angular integral
500.0,0.0002739495615198607,500.0002739495615,1.0,0,20260723,2.0943951023931953,4.188788327158779,0.9999995517494265,0.5,7.599088773175336e-08,7.599076282595021e-08,0.499999703731077,exact GR tensor xi=0 angular integral
500.0,0.00027974980386883086,500.0002797498039,1.0,0,20260723,2.0943951023931953,4.18878827403398,0.999999539066815,0.5,7.599088773175336e-08,7.599076018136799e-08,0.49999969104846304,exact GR tensor xi=0 angular integral
500.0,0.00028567285280716055,500.0002856728528,1.0,0,20260723,2.0943951023931953,4.188788218679459,0.9999995258518966,0.5,7.599088773175336e-08,7.599075748079333e-08,0.49999967783354177,exact GR tensor xi=0 angular integral
500.0,0.00029172130847765113,500.0002917213085,1.0,0,20260723,2.0943951023931953,4.188788160845999,0.999999512045175,0.5,7.599088773175336e-08,7.599075472304063e-08,0.49999966402681756,exact GR tensor xi=0 angular integral
500.0,0.0002978978260750568,500.0002978978261,1.0,0,20260723,2.0943951023931953,4.188788100611968,0.9999994976653593,0.5,7.599088773175336e-08,7.599075190689936e-08,0.499999649646999,exact GR tensor xi=0 angular integral
500.0,0.0003042051170116818,500.000304205117,1.0,0,20260723,2.0943951023931953,4.188788037882731,0.999999482689857,0.5,7.599088773175336e-08,7.599074903113336e-08,0.4999996346714938,exact GR tensor xi=0 angular integral
500.0,0.0003106459501076554,500.0003106459501,1.0,0,20260723,2.0943951023931953,4.188787972365489,0.9999994670487677,0.5,7.599088773175336e-08,7.599074609448015e-08,0.4999996190304016,exact GR tensor xi=0 angular integral
500.0,0.00031722315280640793,500.0003172231528,1.0,0,20260723,2.0943951023931953,4.188787904127688,0.9999994507581926,0.5,7.599088773175336e-08,7.599074309565062e-08,0.4999996027398235,exact GR tensor xi=0 angular integral
500.0,0.00032393961241588306,500.00032393961243,1.0,0,20260723,2.0943951023931953,4.188787832899481,0.9999994337537109,0.5,7.599088773175336e-08,7.599074003332836e-08,0.4999995857353387,exact GR tensor xi=0 angular integral
500.0,0.00033079827737602854,500.0003307982774,1.0,0,20260723,2.0943951023931953,4.188787758589134,0.9999994160134222,0.5,7.599088773175336e-08,7.599073690616914e-08,0.49999956799504686,exact GR tensor xi=0 angular integral
500.0,0.0003378021585531248,500.0003378021585,1.0,0,20260723,2.0943951023931953,4.188787681224601,0.9999993975440005,0.5,7.599088773175336e-08,7.599073371280021e-08,0.4999995495256219,exact GR tensor xi=0 angular integral
500.0,0.00034495433056151595,500.00034495433056,1.0,0,20260723,2.0943951023931953,4.188787600429414,0.9999993782555705,0.5,7.599088773175336e-08,7.59907304518197e-08,0.49999953023718874,exact GR tensor xi=0 angular integral
500.0,0.00035225793311332546,500.0003522579331,1.0,0,20260723,2.0943951023931953,4.1887875161548545,0.9999993581365014,0.5,7.599088773175336e-08,7.599072712179622e-08,0.4999995101181163,exact GR tensor xi=0 angular integral
500.0,0.00035971617239675057,500.0003597161724,1.0,0,20260723,2.0943951023931953,4.188787428429725,0.9999993371936693,0.5,7.599088773175336e-08,7.599072372126786e-08,0.4999994891752807,exact GR tensor xi=0 angular integral
500.0,0.00036733232248353884,500.00036733232247,1.0,0,20260723,2.0943951023931953,4.188787336841313,0.9999993153285465,0.5,7.599088773175336e-08,7.599072024874202e-08,0.49999946731015443,exact GR tensor xi=0 angular integral
500.0,0.0003751097267662612,500.00037510972675,1.0,0,20260723,2.0943951023931953,4.1887872413702505,0.9999992925365093,0.5,7.599088773175336e-08,7.59907167026943e-08,0.4999994445181138,exact GR tensor xi=0 angular integral
500.0,0.00038305179942602183,500.0003830517994,1.0,0,20260723,2.0943951023931953,4.188787141721761,0.9999992687471848,0.5,7.599088773175336e-08,7.599071308156804e-08,0.49999942072878567,exact GR tensor xi=0 angular integral
500.0,0.0003911620269312371,500.0003911620269,1.0,0,20260723,2.0943951023931953,4.188787037929343,0.9999992439685701,0.5,7.599088773175336e-08,7.599070938377374e-08,0.49999939595016724,exact GR tensor xi=0 angular integral
500.0,0.0003994439695681519,500.00039944396957,1.0,0,20260723,2.0943951023931953,4.188786929610501,0.9999992181093516,0.5,7.599088773175336e-08,7.599070560768818e-08,0.49999937009094486,exact GR tensor xi=0 angular integral
500.0,0.00040790126300376076,500.00040790126303,1.0,0,20260723,2.0943951023931953,4.188786816703981,0.9999991911549054,0.5,7.599088773175336e-08,7.599070175165376e-08,0.4999993431364949,exact GR tensor xi=0 angular integral
500.0,0.00041653761988181805,500.00041653761986,1.0,0,20260723,2.0943951023931953,4.188786698998261,0.9999991630547347,0.5,7.599088773175336e-08,7.599069781397781e-08,0.49999931503632017,exact GR tensor xi=0 angular integral
500.0,0.0004253568314526408,500.00042535683144,1.0,0,20260723,2.0943951023931953,4.188786576241283,0.9999991337486647,0.5,7.599088773175336e-08,7.599069379293182e-08,0.4999992857302462,exact GR tensor xi=0 angular integral
500.0,0.00043436276923741984,500.0004343627692,1.0,0,20260723,2.0943951023931953,4.188786448194957,0.9999991031798562,0.5,7.599088773175336e-08,7.599068968675066e-08,0.4999992551614336,exact GR tensor xi=0 angular integral
500.0,0.00044355938672776786,500.0004435593867,1.0,0,20260723,2.0943951023931953,4.188786314674375,0.9999990713041653,0.5,7.599088773175336e-08,7.599068549363188e-08,0.49999922328573854,exact GR tensor xi=0 angular integral
500.0,0.0004529507211212525,500.0004529507211,1.0,0,20260723,2.0943951023931953,4.18878617543573,0.9999990380633875,0.5,7.599088773175336e-08,7.599068121173483e-08,0.49999919004495647,exact GR tensor xi=0 angular integral
500.0,0.00046254089509367404,500.0004625408951,1.0,0,20260723,2.0943951023931953,4.188786030224002,0.999999003396641,0.5,7.599088773175336e-08,7.599067683917994e-08,0.4999991553782056,exact GR tensor xi=0 angular integral
500.0,0.00047233411860886625,500.0004723341186,1.0,0,20260723,2.0943951023931953,4.188785878861956,0.9999989672616141,0.5,7.599088773175336e-08,7.599067237404785e-08,0.49999911924317414,exact GR tensor xi=0 angular integral
500.0,0.00048233469076681767,500.0004823346908,1.0,0,20260723,2.0943951023931953,4.18878572095611,0.9999989295643703,0.5,7.599088773175336e-08,7.599066781437848e-08,0.4999990815459259,exact GR tensor xi=0 angular integral
500.0,0.000492547001690923,500.00049254700167,1.0,0,20260723,2.0943951023931953,4.188785556346773,0.9999988902667858,0.5,7.599088773175336e-08,7.59906631581703e-08,0.49999904224833663,exact GR tensor xi=0 angular integral
500.0,0.0005029755344551877,500.00050297553446,1.0,0,20260723,2.0943951023931953,4.188785384665173,0.9999988492808229,0.5,7.599088773175336e-08,7.599065840337948e-08,0.49999900126236907,exact GR tensor xi=0 angular integral
500.0,0.0005136248670522445,500.00051362486704,1.0,0,20260723,2.0943951023931953,4.188785205606015,0.9999988065335979,0.5,7.599088773175336e-08,7.599065354791882e-08,0.4999989585151391,exact GR tensor xi=0 angular integral
500.0,0.0005244996744030298,500.0005244996744,1.0,0,20260723,2.0943951023931953,4.1887850189455555,0.9999987619716956,0.5,7.599088773175336e-08,7.599064858965699e-08,0.4999989139532319,exact GR tensor xi=0 angular integral
500.0,0.0005356047304090159,500.00053560473043,1.0,0,20260723,2.0943951023931953,4.188784824270935,0.9999987154965533,0.5,7.599088773175336e-08,7.599064352641749e-08,0.4999988674780845,exact GR tensor xi=0 angular integral
500.0,0.0005469449100478935,500.00054694491007,1.0,0,20260723,2.0943951023931953,4.188784621237729,0.9999986670259458,0.5,7.599088773175336e-08,7.599063835597784e-08,0.4999988190074718,exact GR tensor xi=0 angular integral
500.0,0.0005585251915136241,500.00055852519154,1.0,0,20260723,2.0943951023931953,4.188784409555792,0.9999986164906057,0.5,7.599088773175336e-08,7.599063307606843e-08,0.49999876847212654,exact GR tensor xi=0 angular integral
500.0,0.0005703506584018021,500.0005703506584,1.0,0,20260723,2.0943951023931953,4.188784188791713,0.9999985637870641,0.5,7.599088773175336e-08,7.599062768437164e-08,0.49999871576857946,exact GR tensor xi=0 angular integral
500.0,0.00058242650194129,500.0005824265019,1.0,0,20260723,2.0943951023931953,4.188783958578491,0.9999985088277059,0.5,7.599088773175336e-08,7.599062217852076e-08,0.4999986608092158,exact GR tensor xi=0 angular integral
500.0,0.0005947580232731004,500.0005947580233,1.0,0,20260723,2.0943951023931953,4.1887837185305274,0.9999984515204758,0.5,7.599088773175336e-08,7.599061655609897e-08,0.49999860350198017,exact GR tensor xi=0 angular integral
500.0,0.0006073506357775309,500.0006073506358,1.0,0,20260723,2.0943951023931953,4.188783468219141,0.9999983917630342,0.5,7.599088773175336e-08,7.599061081463834e-08,0.4999985437445328,exact GR tensor xi=0 angular integral
500.0,0.0006202098674505679,500.00062020986746,1.0,0,20260723,2.0943951023931953,4.188783207182786,0.9999983294451948,0.5,7.599088773175336e-08,7.599060495161869e-08,0.4999984814266875,exact GR tensor xi=0 angular integral
500.0,0.0006333413633306048,500.0006333413633,1.0,0,20260723,2.0943951023931953,4.188782934966866,0.9999982644584311,0.5,7.599088773175336e-08,7.599059896446646e-08,0.4999984164399178,exact GR tensor xi=0 angular integral
500.0,0.0006467508879765435,500.000646750888,1.0,0,20260723,2.0943951023931953,4.188782651094499,0.9999981966888953,0.5,7.599088773175336e-08,7.59905928505536e-08,0.499998348670376,exact GR tensor xi=0 angular integral
500.0,0.000660444327998361,500.000660444328,1.0,0,20260723,2.0943951023931953,4.188782355089269,0.9999981260228519,0.5,7.599088773175336e-08,7.599058660719646e-08,0.4999982780043263,exact GR tensor xi=0 angular integral
500.0,0.0006744276946412579,500.00067442769466,1.0,0,20260723,2.0943951023931953,4.188782046418318,0.9999980523330906,0.5,7.599088773175336e-08,7.599058023165456e-08,0.49999820431455855,exact GR tensor xi=0 angular integral
500.0,0.0006887071264245168,500.0006887071264,1.0,0,20260723,2.0943951023931953,4.188781724558575,0.9999979754947368,0.5,7.599088773175336e-08,7.59905737211295e-08,0.49999812747619826,exact GR tensor xi=0 angular integral
500.0,0.0007032888918362327,500.0007032888918,1.0,0,20260723,2.0943951023931953,4.1887813889007806,0.9999978953623412,0.5,7.599088773175336e-08,7.599056707276349e-08,0.49999804734379594,exact GR tensor xi=0 angular integral
500.0,0.0007181793920851002,500.0007181793921,1.0,0,20260723,2.0943951023931953,4.188781038869825,0.9999978117986059,0.5,7.599088773175336e-08,7.599056028363837e-08,0.49999796378005396,exact GR tensor xi=0 angular integral
500.0,0.0007333851639104639,500.0007333851639,1.0,0,20260723,2.0943951023931953,4.188780673865345,0.9999977246602052,0.5,7.599088773175336e-08,7.599055335077415e-08,0.4999978766416463,exact GR tensor xi=0 angular integral
500.0,0.0007489128824518622,500.00074891288244,1.0,0,20260723,2.0943951023931953,4.188780293237967,0.999997633792112,0.5,7.599088773175336e-08,7.599054627112777e-08,0.49999778577354603,exact GR tensor xi=0 angular integral
500.0,0.0007647693641793269,500.0007647693642,1.0,0,20260723,2.0943951023931953,4.188779896350738,0.9999975390422654,0.5,7.599088773175336e-08,7.599053904159178e-08,0.4999976910236922,exact GR tensor xi=0 angular integral
500.0,0.0007809615698857278,500.0007809615699,1.0,0,20260723,2.0943951023931953,4.188779482443149,0.9999974402291074,0.5,7.599088773175336e-08,7.599053165899298e-08,0.49999759221052675,exact GR tensor xi=0 angular integral
500.0,0.0007974966077424713,500.00079749660773,1.0,0,20260723,2.0943951023931953,4.188779050851727,0.999997337194245,0.5,7.599088773175336e-08,7.599052412009097e-08,0.4999974891756568,exact GR tensor xi=0 angular integral
500.0,0.0008143817364198989,500.0008143817364,1.0,0,20260723,2.0943951023931953,4.188778600781713,0.999997229747944,0.5,7.599088773175336e-08,7.599051642157672e-08,0.49999738172934827,exact GR tensor xi=0 angular integral
500.0,0.0008316243682737488,500.0008316243683,1.0,0,20260723,2.0943951023931953,4.188778131446122,0.9999971177023249,0.5,7.599088773175336e-08,7.599050856007119e-08,0.4999972696837212,exact GR tensor xi=0 angular integral
500.0,0.0008492320725990841,500.0008492320726,1.0,0,20260723,2.0943951023931953,4.188777642027383,0.9999970008622077,0.5,7.599088773175336e-08,7.599050053212392e-08,0.499997152843596,exact GR tensor xi=0 angular integral
500.0,0.000867212578953119,500.00086721257895,1.0,0,20260723,2.0943951023931953,4.1887771316592595,0.9999968790207932,0.5,7.599088773175336e-08,7.59904923342113e-08,0.4999970310021732,exact GR tensor xi=0 angular integral
500.0,0.0008855737805483937,500.0008855737805,1.0,0,20260723,2.0943951023931953,4.188776599466267,0.9999967519690749,0.5,7.599088773175336e-08,7.59904839627352e-08,0.49999690395044666,exact GR tensor xi=0 angular integral
500.0,0.0009043237377177969,500.0009043237377,1.0,0,20260723,2.0943951023931953,4.188776044488723,0.9999966194779457,0.5,7.599088773175336e-08,7.59904754140213e-08,0.4999967714593088,exact GR tensor xi=0 angular integral
500.0,0.0009234706814529467,500.00092347068147,1.0,0,20260723,2.0943951023931953,4.18877546576959,0.9999964813189297,0.5,7.599088773175336e-08,7.599046668431747e-08,0.4999966333002841,exact GR tensor xi=0 angular integral
500.0,0.0009430230170174896,500.00094302301704,1.0,0,20260723,2.0943951023931953,4.188774862267099,0.9999963372433229,0.5,7.599088773175336e-08,7.599045776979234e-08,0.4999964892246685,exact GR tensor xi=0 angular integral
500.0,0.000962989327636905,500.00096298932766,1.0,0,20260723,2.0943951023931953,4.188774232955021,0.9999961870061309,0.5,7.599088773175336e-08,7.599044866653335e-08,0.49999633898746737,exact GR tensor xi=0 angular integral
500.0,0.0009833783782664347,500.0009833783783,1.0,0,20260723,2.0943951023931953,4.18877357670798,0.9999960303386903,0.5,7.599088773175336e-08,7.599043937054512e-08,0.4999961823200174,exact GR tensor xi=0 angular integral
500.0,0.0010041991194387793,500.00100419911945,1.0,0,20260723,2.0943951023931953,4.188772892380435,0.9999958669675229,0.5,7.599088773175336e-08,7.599042987774773e-08,0.4999960189488405,exact GR tensor xi=0 angular integral
500.0,0.0010254606911932757,500.0010254606912,1.0,0,20260723,2.0943951023931953,4.188772178769895,0.9999956966055558,0.5,7.599088773175336e-08,7.599042018397492e-08,0.4999958485868637,exact GR tensor xi=0 angular integral
500.0,0.0010471724270882498,500.0010471724271,1.0,0,20260723,2.0943951023931953,4.188771434617154,0.999995518952175,0.5,7.599088773175336e-08,7.59904102849723e-08,0.499995670933473,exact GR tensor xi=0 angular integral
500.0,0.0010693438582983369,500.0010693438583,1.0,0,20260723,2.0943951023931953,4.188770658613948,0.999995333695056,0.5,7.599088773175336e-08,7.59904001763954e-08,0.4999954856763439,exact GR tensor xi=0 angular integral
500.0,0.0010919847177985392,500.0010919847178,1.0,0,20260723,2.0943951023931953,4.188769849415982,0.9999951405132714,0.5,7.599088773175336e-08,7.599038985380788e-08,0.49999529249454905,exact GR tensor xi=0 angular integral
500.0,0.0011151049446368794,500.00111510494463,1.0,0,20260723,2.0943951023931953,4.188769005578951,0.9999949390620196,0.5,7.599088773175336e-08,7.599037931267945e-08,0.4999950910432867,exact GR tensor xi=0 angular integral
500.0,0.0011387146882975202,500.0011387146883,1.0,0,20260723,2.0943951023931953,4.188768125639831,0.9999947289920287,0.5,7.599088773175336e-08,7.5990368548384e-08,0.499994880973285,exact GR tensor xi=0 angular integral
500.0,0.0011628243131562499,500.00116282431316,1.0,0,20260723,2.0943951023931953,4.1887672080401055,0.9999945099312305,0.5,7.599088773175336e-08,7.599035755619755e-08,0.4999946619124758,exact GR tensor xi=0 angular integral
500.0,0.0011874444030303198,500.00118744440306,1.0,0,20260723,2.0943951023931953,4.188766251170189,0.9999942814953648,0.5,7.599088773175336e-08,7.599034633129616e-08,0.4999944334765989,exact GR tensor xi=0 angular integral
500.0,0.001212585765824596,500.0012125857658,1.0,0,20260723,2.0943951023931953,4.188765253358371,0.9999940432853403,0.5,7.599088773175336e-08,7.59903348687538e-08,0.4999941952665628,exact GR tensor xi=0 angular integral
500.0,0.0012382594382761008,500.00123825943825,1.0,0,20260723,2.0943951023931953,4.188764212848466,0.9999937948818982,0.5,7.599088773175336e-08,7.599032316354025e-08,0.49999394686310905,exact GR tensor xi=0 angular integral
500.0,0.0012644766907989903,500.0012644766908,1.0,0,20260723,2.0943951023931953,4.188763127810225,0.9999935358480989,0.5,7.599088773175336e-08,7.59903112105188e-08,0.49999368782929793,exact GR tensor xi=0 angular integral
500.0,0.0012912490324321266,500.0012912490324,1.0,0,20260723,2.0943951023931953,4.188761996340608,0.9999932657296251,0.5,7.599088773175336e-08,7.599029900444416e-08,0.49999341771081185,exact GR tensor xi=0 angular integral
500.0,0.0013185882158914023,500.0013185882159,1.0,0,20260723,2.0943951023931953,4.188760816446466,0.9999929840506476,0.5,7.599088773175336e-08,7.599028653995998e-08,0.499993136031822,exact GR tensor xi=0 angular integral
500.0,0.0013465062427290232,500.0013465062427,1.0,0,20260723,2.0943951023931953,4.188759586066531,0.999992690319075,0.5,7.599088773175336e-08,7.599027381159673e-08,0.4999928423002366,exact GR tensor xi=0 angular integral
500.0,0.0013750153686020476,500.0013750153686,1.0,0,20260723,2.0943951023931953,4.188758303028947,0.9999923840164142,0.5,7.599088773175336e-08,7.599026081376901e-08,0.4999925359975628,exact GR tensor xi=0 angular integral
500.0,0.0014041281086524537,500.0014041281087,1.0,0,20260723,2.0943951023931953,4.1887569650937,0.9999920646079021,0.5,7.599088773175336e-08,7.599024754077337e-08,0.49999221658903736,exact GR tensor xi=0 angular integral
500.0,0.00143385724300113,500.001433857243,1.0,0,20260723,2.0943951023931953,4.188755569899745,0.9999917315298803,0.5,7.599088773175336e-08,7.599023398678571e-08,0.4999918835110021,exact GR tensor xi=0 angular integral
500.0,0.0014642158223581911,500.00146421582235,1.0,0,20260723,2.0943951023931953,4.188754115005099,0.9999913841993686,0.5,7.599088773175336e-08,7.599022014585871e-08,0.49999153618047654,exact GR tensor xi=0 angular integral
500.0,0.001495217173752061,500.0014952171737,1.0,0,20260723,2.0943951023931953,4.188752597847108,0.9999910220045779,0.5,7.599088773175336e-08,7.599020601191932e-08,0.49999117398567167,exact GR tensor xi=0 angular integral
500.0,0.0015268749063798806,500.0015268749064,1.0,0,20260723,2.0943951023931953,4.1887510157637955,0.9999906443100086,0.5,7.599088773175336e-08,7.599019157876593e-08,0.4999907962910879,exact GR tensor xi=0 angular integral
500.0,0.0015592029175817601,500.0015592029176,1.0,0,20260723,2.0943951023931953,4.1887493659856245,0.9999902504544823,0.5,7.599088773175336e-08,7.599017684006597e-08,0.4999904024355469,exact GR tensor xi=0 angular integral
500.0,0.0015922153989415446,500.00159221539894,1.0,0,20260723,2.0943951023931953,4.18874764560524,0.9999898397439188,0.5,7.599088773175336e-08,7.599016178935266e-08,0.4999899917249683,exact GR tensor xi=0 angular integral
500.0,0.0016259268425167287,500.0016259268425,1.0,0,20260723,2.0943951023931953,4.188745851605418,0.9999894114580097,0.5,7.599088773175336e-08,7.599014642002275e-08,0.4999895634390439,exact GR tensor xi=0 angular integral
500.0,0.0016603520472002874,500.0016603520472,1.0,0,20260723,2.0943951023931953,4.188743980836337,0.9999889648447897,0.5,7.599088773175336e-08,7.59901307253332e-08,0.4999891168258082,exact GR tensor xi=0 angular integral
500.0,0.0016955061252172084,500.0016955061252,1.0,0,20260723,2.0943951023931953,4.1887420300066704,0.9999884991185127,0.5,7.599088773175336e-08,7.599011469839849e-08,0.4999886510995152,exact GR tensor xi=0 angular integral
500.0,0.0017314045087585513,500.00173140450875,1.0,0,20260723,2.0943951023931953,4.188739995702149,0.9999880134640824,0.5,7.599088773175336e-08,7.599009833218738e-08,0.4999881654450685,exact GR tensor xi=0 angular integral
500.0,0.0017680629567559984,500.0017680629567,1.0,0,20260723,2.0943951023931953,4.188737874342362,0.9999875070267379,0.5,7.599088773175336e-08,7.599008161952004e-08,0.4999876590077072,exact GR tensor xi=0 angular integral
500.0,0.0018054975617998088,500.0018054975618,1.0,0,20260723,2.0943951023931953,4.188735662205547,0.9999869789179746,0.5,7.599088773175336e-08,7.599006455306491e-08,0.49998713089892693,exact GR tensor xi=0 angular integral
500.0,0.001843724757203275,500.0018437247572,1.0,0,20260723,2.0943951023931953,4.1887333554037545,0.9999864282096127,0.5,7.599088773175336e-08,7.599004712533543e-08,0.4999865801905476,exact GR tensor xi=0 angular integral
500.0,0.0018827613242167248,500.0018827613242,1.0,0,20260723,2.0943951023931953,4.188730949888052,0.9999858539350407,0.5,7.599088773175336e-08,7.599002932868666e-08,0.49998600591595777,exact GR tensor xi=0 angular integral
500.0,0.0019226243993942797,500.0019226243994,1.0,0,20260723,2.0943951023931953,4.188728441435416,0.9999852550860857,0.5,7.599088773175336e-08,7.59900111553122e-08,0.4999854070669847,exact GR tensor xi=0 angular integral
500.0,0.001963331482116592,500.0019633314821,1.0,0,20260723,2.0943951023931953,4.188725825637089,0.9999846306102349,0.5,7.599088773175336e-08,7.598999259724066e-08,0.4999847825911153,exact GR tensor xi=0 angular integral
500.0,0.0020049004422728316,500.0020049004423,1.0,0,20260723,2.0943951023931953,4.188723097907153,0.9999839794126808,0.5,7.599088773175336e-08,7.598997364633207e-08,0.49998413139354214,exact GR tensor xi=0 angular integral
500.0,0.0020473495281053593,500.0020473495281,1.0,0,20260723,2.0943951023931953,4.188720253449023,0.999983300348323,0.5,7.599088773175336e-08,7.598995429427456e-08,0.499983452329165,exact GR tensor xi=0 angular integral
500.0,0.0020906973742204527,500.00209069737423,1.0,0,20260723,2.0943951023931953,4.188717287268835,0.9999825922249646,0.5,7.599088773175336e-08,7.598993453258053e-08,0.4999827442057868,exact GR tensor xi=0 angular integral
500.0,0.0021349630097686778,500.0021349630098,1.0,0,20260723,2.0943951023931953,4.188714194161703,0.9999818538000302,0.5,7.599088773175336e-08,7.598991435258321e-08,0.49998200578083235,exact GR tensor xi=0 angular integral
500.0,0.002180165866798428,500.0021801658668,1.0,0,20260723,2.0943951023931953,4.188710968694223,0.9999810837763904,0.5,7.599088773175336e-08,7.59898937454325e-08,0.4999812357571719,exact GR tensor xi=0 angular integral
500.0,0.0022263257887863526,500.0022263257888,1.0,0,20260723,2.0943951023931953,4.188707605201097,0.9999802808015548,0.5,7.599088773175336e-08,7.598987270209151e-08,0.49998043278231524,exact GR tensor xi=0 angular integral
500.0,0.0022734630393483938,500.00227346303933,1.0,0,20260723,2.0943951023931953,4.188704097777423,0.9999794434658319,0.5,7.599088773175336e-08,7.598985121333247e-08,0.49997959544657083,exact GR tensor xi=0 angular integral
500.0,0.002321598311135242,500.00232159831114,1.0,0,20260723,2.0943951023931953,4.188700440264898,0.9999785702990354,0.5,7.599088773175336e-08,7.598982926973253e-08,0.4999787222797524,exact GR tensor xi=0 angular integral
500.0,0.002370752734916161,500.0023707527349,1.0,0,20260723,2.0943951023931953,4.188696626240361,0.9999776597677481,0.5,7.599088773175336e-08,7.598980686167008e-08,0.4999778117484427,exact GR tensor xi=0 angular integral
500.0,0.00242094788885511,500.0024209478889,1.0,0,20260723,2.0943951023931953,4.188692649007153,0.9999767102732608,0.5,7.599088773175336e-08,7.598978397932019e-08,0.4999768622539325,exact GR tensor xi=0 angular integral
500.0,0.002472205807983297,500.002472205808,1.0,0,20260723,2.0943951023931953,4.188688501582318,0.9999757201485153,0.5,7.599088773175336e-08,7.598976061265052e-08,0.4999758721291636,exact GR tensor xi=0 angular integral
500.0,0.0025245489938722624,500.00252454899385,1.0,0,20260723,2.0943951023931953,4.188684176681147,0.9999746876544158,0.5,7.599088773175336e-08,7.598973675141693e-08,0.4999748396350403,exact GR tensor xi=0 angular integral
500.0,0.0025780004245117877,500.00257800042453,1.0,0,20260723,2.0943951023931953,4.188679666710123,0.9999736109781432,0.5,7.599088773175336e-08,7.598971238515904e-08,0.4999737629587433,exact GR tensor xi=0 angular integral
500.0,0.0026325835643969463,500.0026325835644,1.0,0,20260723,2.0943951023931953,4.188674963752576,0.9999724882297321,0.5,7.599088773175336e-08,7.598968750319571e-08,0.49997264021030724,exact GR tensor xi=0 angular integral
500.0,0.002688322374828699,500.0026883223748,1.0,0,20260723,2.0943951023931953,4.188670059549057,0.9999713174373843,0.5,7.599088773175336e-08,7.598966209462037e-08,0.49997146941793413,exact GR tensor xi=0 angular integral
500.0,0.002745241324432621,500.0027452413244,1.0,0,20260723,2.0943951023931953,4.1886649454886875,0.9999700965454036,0.5,7.599088773175336e-08,7.598963614829628e-08,0.4999702485259275,exact GR tensor xi=0 angular integral
500.0,0.0028033653999002934,500.0028033653999,1.0,0,20260723,2.0943951023931953,4.188659612591504,0.9999688234099819,0.5,7.599088773175336e-08,7.598960965285183e-08,0.4999689753904793,exact GR tensor xi=0 angular integral
500.0,0.0028627201169581654,500.002862720117,1.0,0,20260723,2.0943951023931953,4.188654051495497,0.9999674957961042,0.5,7.599088773175336e-08,7.598958259667545e-08,0.4999676477765746,exact GR tensor xi=0 angular integral
500.0,0.0029233315315686094,500.0029233315316,1.0,0,20260723,2.0943951023931953,4.188648252433341,0.9999661113719929,0.5,7.599088773175336e-08,7.598955496791076e-08,0.49996626335243566,exact GR tensor xi=0 angular integral
500.0,0.002985226251368166,500.0029852262514,1.0,0,20260723,2.0943951023931953,4.1886422052254915,0.9999646677074612,0.5,7.599088773175336e-08,7.598952675445129e-08,0.49996481968787565,exact GR tensor xi=0 angular integral
500.0,0.0030484314473479663,500.0030484314473,1.0,0,20260723,2.0943951023931953,4.188635899252947,0.9999631622674092,0.5,7.599088773175336e-08,7.598949794393531e-08,0.49996331424779494,exact GR tensor xi=0 angular integral
500.0,0.003112974865781426,500.00311297486576,1.0,0,20260723,2.0943951023931953,4.188629323444915,0.9999615924088794,0.5,7.599088773175336e-08,7.598946852374056e-08,0.4999617443892357,exact GR tensor xi=0 angular integral
500.0,0.0031788848404045323,500.0031788848404,1.0,0,20260723,2.0943951023931953,4.188622466254181,0.9999599553751777,0.5,7.599088773175336e-08,7.598943848097867e-08,0.49996010735550384,exact GR tensor xi=0 angular integral
500.0,0.0032461903048539653,500.0032461903049,1.0,0,20260723,2.0943951023931953,4.188615315643585,0.9999582482926439,0.5,7.599088773175336e-08,7.598940780248973e-08,0.4999584002729395,exact GR tensor xi=0 angular integral
500.0,0.0033149208053686206,500.0033149208054,1.0,0,20260723,2.0943951023931953,4.188607859056584,0.9999564681636244,0.5,7.599088773175336e-08,7.598937647483667e-08,0.49995662014388853,exact GR tensor xi=0 angular integral
500.0,0.0033851065137600078,500.00338510651375,1.0,0,20260723,2.0943951023931953,4.188600083401185,0.9999546118626356,0.5,7.599088773175336e-08,7.598934448429926e-08,0.4999547638428678,exact GR tensor xi=0 angular integral
500.0,0.0034567782406573007,500.00345677824066,1.0,0,20260723,2.0943951023931953,4.188591975028659,0.9999526761312838,0.5,7.599088773175336e-08,7.598931181686837e-08,0.4999528281114834,exact GR tensor xi=0 angular integral
500.0,0.0035299674490328193,500.003529967449,1.0,0,20260723,2.0943951023931953,4.18858351970047,0.9999506575703685,0.5,7.599088773175336e-08,7.598927845823994e-08,0.49995080955053467,exact GR tensor xi=0 angular integral
500.0,0.0036047062680138495,500.003604706268,1.0,0,20260723,2.0943951023931953,4.1885747025729305,0.9999485526362208,0.5,7.599088773175336e-08,7.598924439380881e-08,0.49994870461635293,exact GR tensor xi=0 angular integral
500.0,0.0036810275069869454,500.003681027507,1.0,0,20260723,2.0943951023931953,4.188565508165786,0.9999463576332022,0.5,7.599088773175336e-08,7.598920960866247e-08,0.49994650961329945,exact GR tensor xi=0 angular integral
500.0,0.003758964670000809,500.00375896467,1.0,0,20260723,2.0943951023931953,4.1885559203383265,0.9999440687080017,0.5,7.599088773175336e-08,7.598917408757479e-08,0.49994422068806355,exact GR tensor xi=0 angular integral
500.0,0.0038385519704741463,500.0038385519705,1.0,0,20260723,2.0943951023931953,4.188545922258013,0.9999416818421465,0.5,7.599088773175336e-08,7.598913781499918e-08,0.4999418338221721,exact GR tensor xi=0 angular integral
500.0,0.0039198243462149375,500.0039198243462,1.0,0,20260723,2.0943951023931953,4.188535496371208,0.999939192845015,0.5,7.599088773175336e-08,7.598910077506236e-08,0.49993934482500346,exact GR tensor xi=0 angular integral
500.0,0.004002817474757656,500.00400281747477,1.0,0,20260723,2.0943951023931953,4.188524624376659,0.9999365973475043,0.5,7.599088773175336e-08,7.598906295155726e-08,0.4999367493274549,exact GR tensor xi=0 angular integral
500.0,0.004087567789025284,500.00408756778904,1.0,0,20260723,2.0943951023931953,4.1885132871869954,0.9999338907928408,0.5,7.599088773175336e-08,7.598902432793635e-08,0.49993404277275294,exact GR tensor xi=0 angular integral
500.0,0.004174112493322869,500.00417411249333,1.0,0,20260723,2.0943951023931953,4.1885014649002,0.9999310684297674,0.5,7.599088773175336e-08,7.598898488730442e-08,0.49993122040964005,exact GR tensor xi=0 angular integral
500.0,0.004262489579669772,500.0042624895797,1.0,0,20260723,2.0943951023931953,4.188489136762721,0.9999281253037391,0.5,7.599088773175336e-08,7.598894461241139e-08,0.4999282772835714,exact GR tensor xi=0 angular integral
500.0,0.004352737844477643,500.0043527378445,1.0,0,20260723,2.0943951023931953,4.188476281133244,0.9999250562482724,0.5,7.599088773175336e-08,7.59889034856452e-08,0.49992520822806363,exact GR tensor xi=0 angular integral
500.0,0.004444896905581571,500.00444489690557,1.0,0,20260723,2.0943951023931953,4.188462875445095,0.9999218558759708,0.5,7.599088773175336e-08,7.598886148902413e-08,0.49992200785572,exact GR tensor xi=0 angular integral
500.0,0.004539007219631815,500.00453900721965,1.0,0,20260723,2.0943951023931953,4.188448896166365,0.9999185185690046,0.5,7.599088773175336e-08,7.598881860418923e-08,0.499918670548711,exact GR tensor xi=0 angular integral
500.0,0.004635110099853727,500.00463511009985,1.0,0,20260723,2.0943951023931953,4.188434318758212,0.9999150384691571,0.5,7.599088773175336e-08,7.598877481239669e-08,0.4999151904488196,exact GR tensor xi=0 angular integral
500.0,0.004733247734183767,500.0047332477342,1.0,0,20260723,2.0943951023931953,4.188419117632981,0.9999114094678254,0.5,7.599088773175336e-08,7.59887300945097e-08,0.49991156144744325,exact GR tensor xi=0 angular integral
500.0,0.004833463203789431,500.0048334632038,1.0,0,20260723,2.0943951023931953,4.1884032661090576,0.9999076251952435,0.5,7.599088773175336e-08,7.598868443099058e-08,0.4999077771748157,exact GR tensor xi=0 angular integral
500.0,0.0049358005019813685,500.004935800502,1.0,0,20260723,2.0943951023931953,4.188386736362723,0.9999036790089877,0.5,7.599088773175336e-08,7.598863780189256e-08,0.4999038309885133,exact GR tensor xi=0 angular integral
500.0,0.005040304553525853,500.0050403045535,1.0,0,20260723,2.0943951023931953,4.188369499381195,0.9998995639827664,0.5,7.599088773175336e-08,7.598859018685122e-08,0.49989971596224425,exact GR tensor xi=0 angular integral
500.0,0.005147021234366194,500.0051470212344,1.0,0,20260723,2.0943951023931953,4.188351524910491,0.9998952728939734,0.5,7.599088773175336e-08,7.598854156507624e-08,0.49989542487340266,exact GR tensor xi=0 angular integral
500.0,0.005255997391761705,500.00525599739177,1.0,0,20260723,2.0943951023931953,4.18833278140415,0.9998907982114459,0.5,7.599088773175336e-08,7.598849191534246e-08,0.4998909501908255,exact GR tensor xi=0 angular integral
500.0,0.005367280864853015,500.00536728086485,1.0,0,20260723,2.0943951023931953,4.188313235965364,0.9998861320816492,0.5,7.599088773175336e-08,7.598844121598119e-08,0.4998862840609782,exact GR tensor xi=0 angular integral
500.0,0.0054809205056628825,500.00548092050565,1.0,0,20260723,2.0943951023931953,4.188292854292291,0.9998812663156222,0.5,7.599088773175336e-08,7.598838944487105e-08,0.4998814182948994,exact GR tensor xi=0 angular integral
500.0,0.005596966200541567,500.0055969662005,1.0,0,20260723,2.0943951023931953,4.188271600614271,0.9998761923737485,0.5,7.599088773175336e-08,7.598833657942896e-08,0.49987634435297285,exact GR tensor xi=0 angular integral
500.0,0.005715468892066344,500.00571546889205,1.0,0,20260723,2.0943951023931953,4.188249437634257,0.9998709013520142,0.5,7.599088773175336e-08,7.598828259660062e-08,0.4998710533311845,exact GR tensor xi=0 angular integral
500.0,0.005836480601404602,500.00583648060143,1.0,0,20260723,2.0943951023931953,4.1882263264578405,0.9998653839650634,0.5,7.599088773175336e-08,7.598822747285113e-08,0.49986553594417865,exact GR tensor xi=0 angular integral
500.0,0.005960054451150494,500.0059600544511,1.0,0,20260723,2.0943951023931953,4.188202226529301,0.9998596305309304,0.5,7.599088773175336e-08,7.598817118415524e-08,0.4998597825099893,exact GR tensor xi=0 angular integral
500.0,0.006086244688645089,500.0060862446886,1.0,0,20260723,2.0943951023931953,4.1881770955592685,0.9998536309537723,0.5,7.599088773175336e-08,7.59881137059873e-08,0.49985378293277377,exact GR tensor xi=0 angular integral
500.0,0.006215106709790222,500.0062151067098,1.0,0,20260723,2.0943951023931953,4.18815088945027,0.999847374706093,0.5,7.599088773175336e-08,7.59880550133115e-08,0.49984752668503574,exact GR tensor xi=0 angular integral
500.0,0.006346697083366638,500.00634669708336,1.0,0,20260723,2.0943951023931953,4.188123562220026,0.9998408508104315,0.5,7.599088773175336e-08,7.598799508057161e-08,0.49984100278931437,exact GR tensor xi=0 angular integral
500.0,0.006481073575866912,500.00648107357586,1.0,0,20260723,2.0943951023931953,4.188095065920573,0.9998340478200547,0.5,7.599088773175336e-08,7.598793388168026e-08,0.4998341997988764,exact GR tensor xi=0 angular integral
500.0,0.006618295176854251,500.00661829517685,1.0,0,20260723,2.0943951023931953,4.18806535055485,0.9998269537990438,0.5,7.599088773175336e-08,7.598787139000878e-08,0.49982710577780304,exact GR tensor xi=0 angular integral
500.0,0.006758422124858115,500.00675842212485,1.0,0,20260723,2.0943951023931953,4.188034363989221,0.9998195563014098,0.5,7.599088773175336e-08,7.598780757837614e-08,0.49981970828010525,exact GR tensor xi=0 angular integral
500.0,0.006901515933818182,500.0069015159338,1.0,0,20260723,2.0943951023931953,4.188002051861779,0.9998118423492035,0.5,7.599088773175336e-08,7.598774241903811e-08,0.49981199432783374,exact GR tensor xi=0 angular integral
500.0,0.0070476394200882,500.0070476394201,1.0,0,20260723,2.0943951023931953,4.18796835748762,0.9998037984099009,0.5,7.599088773175336e-08,7.598767588367618e-08,0.49980395038846454,exact GR tensor xi=0 angular integral
500.0,0.007196856730011514,500.00719685673,1.0,0,20260723,2.0943951023931953,4.187933221759433,0.9997954103726708,0.5,7.599088773175336e-08,7.598760794338612e-08,0.4997955623511665,exact GR tensor xi=0 angular integral
500.0,0.007349233368080553,500.0073492333681,1.0,0,20260723,2.0943951023931953,4.187896583044579,0.9997866635238045,0.5,7.599088773175336e-08,7.598753856866647e-08,0.49978681550223086,exact GR tensor xi=0 angular integral
500.0,0.007504836225692402,500.0075048362257,1.0,0,20260723,2.0943951023931953,4.187858377077414,0.9997775425210096,0.5,7.599088773175336e-08,7.59874677294071e-08,0.49977769449936504,exact GR tensor xi=0 angular integral
500.0,0.007663733610513332,500.0076637336105,1.0,0,20260723,2.0943951023931953,4.187818536846171,0.9997680313664052,0.5,7.599088773175336e-08,7.598739539487703e-08,0.4997681833446884,exact GR tensor xi=0 angular integral
500.0,0.007825995276464942,500.00782599527645,1.0,0,20260723,2.0943951023931953,4.187776992476667,0.9997581133787589,0.5,7.599088773175336e-08,7.59873215337125e-08,0.49975826535696816,exact GR tensor xi=0 angular integral
500.0,0.007991692454345256,500.00799169245437,1.0,0,20260723,2.0943951023931953,4.187733671109687,0.9997477711642142,0.5,7.599088773175336e-08,7.598724611390471e-08,0.499747923142348,exact GR tensor xi=0 angular integral
500.0,0.00816089788309816,500.0081608978831,1.0,0,20260723,2.0943951023931953,4.187688496774517,0.9997369865860997,0.5,7.599088773175336e-08,7.598716910278752e-08,0.49973713856415647,exact GR tensor xi=0 angular integral
500.0,0.008333685841744822,500.00833368584176,1.0,0,20260723,2.0943951023931953,4.187641390255409,0.9997257407330475,0.5,7.599088773175336e-08,7.598709046702456e-08,0.4997258927110257,exact GR tensor xi=0 angular integral
500.0,0.008510132181991282,500.008510132182,1.0,0,20260723,2.0943951023931953,4.187592268953266,0.999714013885977,0.5,7.599088773175336e-08,7.598701017259673e-08,0.4997141658638749,exact GR tensor xi=0 angular integral
500.0,0.008690314361526322,500.0086903143615,1.0,0,20260723,2.0943951023931953,4.187541046742696,0.9997017854839646,0.5,7.599088773175336e-08,7.598692818478891e-08,0.49970193746178054,exact GR tensor xi=0 angular integral
500.0,0.008874311478024479,500.00887431147805,1.0,0,20260723,2.0943951023931953,4.187487633820154,0.9996890340879931,0.5,7.599088773175336e-08,7.598684446817717e-08,0.4996891860657253,exact GR tensor xi=0 angular integral
500.0,0.009062204303868837,500.00906220430386,1.0,0,20260723,2.0943951023931953,4.187431936548417,0.9996757373438225,0.5,7.599088773175336e-08,7.598675898661507e-08,0.49967588932146934,exact GR tensor xi=0 angular integral
500.0,0.00925407532160911,500.0092540753216,1.0,0,20260723,2.0943951023931953,4.187373857292781,0.9996618719428844,0.5,7.599088773175336e-08,7.598667170322043e-08,0.4996620239204438,exact GR tensor xi=0 angular integral
500.0,0.009450008760170447,500.00945000876015,1.0,0,20260723,2.0943951023931953,4.187313294250814,0.9996474135816378,0.5,7.599088773175336e-08,7.598658258036146e-08,0.49964756555910816,exact GR tensor xi=0 angular integral
500.0,0.009650090631828792,500.00965009063185,1.0,0,20260723,2.0943951023931953,4.187250141275303,0.9996323369193025,0.5,7.599088773175336e-08,7.598649157964297e-08,0.4996324888966818,exact GR tensor xi=0 angular integral
500.0,0.009854408769969255,500.00985440876997,1.0,0,20260723,2.0943951023931953,4.187184287688969,0.9996166155336244,0.5,7.599088773175336e-08,7.598639866189253e-08,0.4996167675109107,exact GR tensor xi=0 angular integral
500.0,0.010063052867643753,500.0100630528676,1.0,0,20260723,2.0943951023931953,4.187115618091794,0.9996002218748785,0.5,7.599088773175336e-08,7.598630378714597e-08,0.49960037385207,exact GR tensor xi=0 angular integral
500.0,0.010276114516945212,500.01027611451696,1.0,0,20260723,2.0943951023931953,4.187044012160453,0.9995831272179871,0.5,7.599088773175336e-08,7.598620691463324e-08,0.4995832791950819,exact GR tensor xi=0 angular integral
500.0,0.010493687249215242,500.0104936872492,1.0,0,20260723,2.0943951023931953,4.186969344438073,0.9995653016123278,0.5,7.599088773175336e-08,7.598610800276401e-08,0.4995654535893236,exact GR tensor xi=0 angular integral
500.0,0.010715866576103236,500.0107158665761,1.0,0,20260723,2.0943951023931953,4.1868914841168205,0.9995467138298307,0.5,7.599088773175336e-08,7.5986007009113e-08,0.49954686580672547,exact GR tensor xi=0 angular integral
500.0,0.010942750031494792,500.0109427500315,1.0,0,20260723,2.0943951023931953,4.186810294810073,0.999527331310588,0.5,7.599088773175336e-08,7.598590389040505e-08,0.49952748328737967,exact GR tensor xi=0 angular integral
500.0,0.011174437214327775,500.0111744372143,1.0,0,20260723,2.0943951023931953,4.186725634315222,0.9995071201062279,0.5,7.599088773175336e-08,7.598579860250058e-08,0.49950727208291423,exact GR tensor xi=0 angular integral
500.0,0.011411029832315059,500.0114110298323,1.0,0,20260723,2.0943951023931953,4.186637354367092,0.9994860448210467,0.5,7.599088773175336e-08,7.598569110038039e-08,0.49948619679762557,exact GR tensor xi=0 angular integral
500.0,0.011652631746592835,500.0116526317466,1.0,0,20260723,2.0943951023931953,4.186545300379544,0.9994640685503224,0.5,7.599088773175336e-08,7.59855813381306e-08,0.49946422052679157,exact GR tensor xi=0 angular integral
500.0,0.01189934901731436,500.0118993490173,1.0,0,20260723,2.0943951023931953,4.186449311178235,0.9994411528165148,0.5,7.599088773175336e-08,7.598546926892752e-08,0.49944130479287185,exact GR tensor xi=0 angular integral
500.0,0.012151289950209044,500.0121512899502,1.0,0,20260723,2.0943951023931953,4.186349218719971,0.9994172575022664,0.5,7.599088773175336e-08,7.59853548450224e-08,0.49941740947850893,exact GR tensor xi=0 angular integral
500.0,0.012408565144127196,500.01240856514414,1.0,0,20260723,2.0943951023931953,4.186244847801948,0.9993923407809888,0.5,7.599088773175336e-08,7.598523801772604e-08,0.49939249275711456,exact GR tensor xi=0 angular integral
500.0,0.012671287539591602,500.0126712875396,1.0,0,20260723,2.0943951023931953,4.186136015757946,0.9993663590443342,0.5,7.599088773175336e-08,7.598511873739351e-08,0.4993665110203408,exact GR tensor xi=0 angular integral
500.0,0.012939572468376879,500.0129395724684,1.0,0,20260723,2.0943951023931953,4.186022532141901,0.9993392668266539,0.5,7.599088773175336e-08,7.598499695340867e-08,0.4993394188025386,exact GR tensor xi=0 angular integral
500.0,0.013213537704138743,500.01321353770413,1.0,0,20260723,2.0943951023931953,4.18590419839799,0.9993110167262369,0.5,7.599088773175336e-08,7.598487261416866e-08,0.49931116870199727,exact GR tensor xi=0 angular integral
500.0,0.013493303514115056,500.0134933035141,1.0,0,20260723,2.0943951023931953,4.185780807517398,0.9992815593233688,0.5,7.599088773175336e-08,7.598474566706865e-08,0.4992817112990022,exact GR tensor xi=0 angular integral
500.0,0.01377899271192164,500.01377899271193,1.0,0,20260723,2.0943951023931953,4.185652143680446,0.9992508430948968,0.5,7.599088773175336e-08,7.598461605848635e-08,0.49925099507040055,exact GR tensor xi=0 angular integral
500.0,0.014070730711465928,500.01407073071147,1.0,0,20260723,2.0943951023931953,4.185517981883393,0.9992188143251342,0.5,7.599088773175336e-08,7.598448373376665e-08,0.4992189663005057,exact GR tensor xi=0 angular integral
500.0,0.014368645582001974,500.014368645582,1.0,0,20260723,2.0943951023931953,4.185378087550139,0.9991854170131622,0.5,7.599088773175336e-08,7.598434863720626e-08,0.4991855689883986,exact GR tensor xi=0 angular integral
500.0,0.014672868104351327,500.01467286810436,1.0,0,20260723,2.0943951023931953,4.185232216127686,0.9991505927762534,0.5,7.599088773175336e-08,7.598421071203863e-08,0.4991507447513519,exact GR tensor xi=0 angular integral
500.0,0.014983531828314023,500.0149835318283,1.0,0,20260723,2.0943951023931953,4.185080112664127,0.9991142807491231,0.5,7.599088773175336e-08,7.598406990041885e-08,0.4991144327240808,exact GR tensor xi=0 angular integral
500.0,0.01530077313129537,500.0153007731313,1.0,0,20260723,2.0943951023931953,4.184921511369734,0.9990764174791482,0.5,7.599088773175336e-08,7.598392614340856e-08,0.4990765694539621,exact GR tensor xi=0 angular integral
500.0,0.015624731278173772,500.0156247312782,1.0,0,20260723,2.0943951023931953,4.1847561351593665,0.9990369368171234,0.5,7.599088773175336e-08,7.59837793809616e-08,0.4990370887917905,exact GR tensor xi=0 angular integral
500.0,0.01595554848243627,500.01595554848245,1.0,0,20260723,2.0943951023931953,4.184583695176203,0.9989957698035625,0.5,7.599088773175336e-08,7.5983629551909e-08,0.49899592177807983,exact GR tensor xi=0 angular integral
500.0,0.01629336996860851,500.0162933699686,1.0,0,20260723,2.0943951023931953,4.1844038902951075,0.998952844550135,0.5,7.599088773175336e-08,7.598347659394527e-08,0.4989529965244993,exact GR tensor xi=0 angular integral
500.0,0.01663834403600634,500.016638344036,1.0,0,20260723,2.0943951023931953,4.184216406605945,0.998908086116316,0.5,7.599088773175336e-08,7.598332044361391e-08,0.4989082380905242,exact GR tensor xi=0 angular integral
500.0,0.016990622123837416,500.01699062212384,1.0,0,20260723,2.0943951023931953,4.184020916875376,0.9988614163809004,0.5,7.599088773175336e-08,7.59831610362943e-08,0.49886156835494927,exact GR tensor xi=0 angular integral
500.0,0.017350358877680997,500.0173503588777,1.0,0,20260723,2.0943951023931953,4.18381707998607,0.998812753908124,0.5,7.599088773175336e-08,7.598299830618814e-08,0.49881290588201,exact GR tensor xi=0 angular integral
500.0,0.017717712217375465,500.01771771221735,1.0,0,20260723,2.0943951023931953,4.1836045403532225,0.9987620138083683,0.5,7.599088773175336e-08,7.598283218630693e-08,0.4987621657820882,exact GR tensor xi=0 angular integral
500.0,0.018092843406343026,500.01809284340635,1.0,0,20260723,2.0943951023931953,4.183382927316623,0.9987091075930257,0.5,7.599088773175336e-08,7.59826626084595e-08,0.4987092595665761,exact GR tensor xi=0 angular integral
500.0,0.01847591712238233,500.0184759171224,1.0,0,20260723,2.0943951023931953,4.18315185450799,0.9986539430234634,0.5,7.599088773175336e-08,7.598248950324056e-08,0.4986540949968407,exact GR tensor xi=0 angular integral
500.0,0.018867101529959986,500.01886710152996,1.0,0,20260723,2.0943951023931953,4.182910919192086,0.9985964239537262,0.5,7.599088773175336e-08,7.598231280001932e-08,0.4985965759269267,exact GR tensor xi=0 angular integral
500.0,0.019266568354032468,500.01926656835406,1.0,0,20260723,2.0943951023931953,4.182659701580859,0.9985364501667985,0.5,7.599088773175336e-08,7.59821324269293e-08,0.49853660213981865,exact GR tensor xi=0 angular integral
500.0,0.01967449295543135,500.01967449295546,1.0,0,20260723,2.0943951023931953,4.182397764119634,0.9984739172041961,0.5,7.599088773175336e-08,7.598194831085869e-08,0.4984740691770322,exact GR tensor xi=0 angular integral
500.0,0.020091054407844297,500.0200910544078,1.0,0,20260723,2.0943951023931953,4.182124650744034,0.9984087161885691,0.5,7.599088773175336e-08,7.598176037744144e-08,0.49840886816121716,exact GR tensor xi=0 angular integral
500.0,0.020516435576426285,500.02051643557644,1.0,0,20260723,2.0943951023931953,4.181839886106441,0.9983407336390331,0.5,7.599088773175336e-08,7.598156855104933e-08,0.49834088561148937,exact GR tensor xi=0 angular integral
500.0,0.02095082319807495,500.02095082319806,1.0,0,20260723,2.0943951023931953,4.181542974771442,0.9982698512790954,0.5,7.599088773175336e-08,7.598137275478539e-08,0.4982700032513559,exact GR tensor xi=0 angular integral
500.0,0.021394407963405717,500.0213944079634,1.0,0,20260723,2.0943951023931953,4.181233400378011,0.9981959458366417,0.5,7.599088773175336e-08,7.598117291047765e-08,0.4981960978087024,exact GR tensor xi=0 angular integral
500.0,0.02184738460046266,500.02184738460045,1.0,0,20260723,2.0943951023931953,4.180910624768264,0.9981188888359405,0.5,7.599088773175336e-08,7.598096893867491e-08,0.49811904080779723,exact GR tensor xi=0 angular integral
500.0,0.02230995196020143,500.0223099519602,1.0,0,20260723,2.0943951023931953,4.180574087080798,0.9980385463811952,0.5,7.599088773175336e-08,7.598076075864327e-08,0.4980386983528437,exact GR tensor xi=0 angular integral
500.0,0.022782313103782488,500.0227823131038,1.0,0,20260723,2.0943951023931953,4.180223202807475,0.9979547789313663,0.5,7.599088773175336e-08,7.598054828836424e-08,0.4979549309028024,exact GR tensor xi=0 angular integral
500.0,0.02326467539171216,500.0232646753917,1.0,0,20260723,2.0943951023931953,4.179857362812493,0.9978674410659931,0.5,7.599088773175336e-08,7.59803314445345e-08,0.4978675930372123,exact GR tensor xi=0 angular integral
500.0,0.023757250574871453,500.0237572505749,1.0,0,20260723,2.0943951023931953,4.179475932311924,0.9977763812415756,0.5,7.599088773175336e-08,7.598011014256699e-08,0.4977765332125735,exact GR tensor xi=0 angular integral
500.0,0.024260254887471803,500.02426025488745,1.0,0,20260723,2.0943951023931953,4.17907824981265,0.997681441538265,0.5,7.599088773175336e-08,7.597988429659414e-08,0.497681593509037,exact GR tensor xi=0 angular integral
500.0,0.02477390914197922,500.02477390914197,1.0,0,20260723,2.0943951023931953,4.1786636260090955,0.9975824573964761,0.5,7.599088773175336e-08,7.597965381947285e-08,0.4975826093670177,exact GR tensor xi=0 angular integral
500.0,0.025298438826048198,500.02529843882604,1.0,0,20260723,2.0943951023931953,4.178231342636061,0.9974792573430237,0.5,7.599088773175336e-08,7.597941862279166e-08,0.49747940931333007,exact GR tensor xi=0 angular integral
500.0,0.025834074201507743,500.0258340742015,1.0,0,20260723,2.0943951023931953,4.177780651276269,0.9973716627064442,0.5,7.599088773175336e-08,7.597917861687995e-08,0.4973718146765106,exact GR tensor xi=0 angular integral
500.0,0.026381050405443588,500.02638105040546,1.0,0,20260723,2.0943951023931953,4.1773107721209835,0.9972594873211149,0.5,7.599088773175336e-08,7.597893371081981e-08,0.4972596392909364,exact GR tensor xi=0 angular integral
500.0,0.02693960755342015,500.0269396075534,1.0,0,20260723,2.0943951023931953,4.176820892681985,0.9971425372197613,0.5,7.599088773175336e-08,7.597868381246045e-08,0.49714268918933285,exact GR tensor xi=0 angular integral
500.0,0.027509990844888407,500.02750999084486,1.0,0,20260723,2.0943951023931953,4.176310166453141,0.9970206103139305,0.5,7.599088773175336e-08,7.597842882843523e-08,0.4970207622832471,exact GR tensor xi=0 angular integral
500.0,0.028092450670825143,500.02809245067084,1.0,0,20260723,2.0943951023931953,4.175777711520077,0.9968934960620742,0.5,7.599088773175336e-08,7.59781686641819e-08,0.4968936480311306,exact GR tensor xi=0 angular integral
500.0,0.028687242723651463,500.02868724272366,1.0,0,20260723,2.0943951023931953,4.175222609115846,0.996760975124741,0.5,7.599088773175336e-08,7.597790322396594e-08,0.496761127093532,exact GR tensor xi=0 angular integral
500.0,0.029294628109478575,500.0292946281095,1.0,0,20260723,2.0943951023931953,4.17464390212103,0.9966228190065007,0.5,7.599088773175336e-08,7.597763241090742e-08,0.49662297097502084,exact GR tensor xi=0 angular integral
500.0,0.029914873462729863,500.02991487346276,1.0,0,20260723,2.0943951023931953,4.174040593506369,0.9964787896841508,0.5,7.599088773175336e-08,7.597735612701131e-08,0.4964789416523947,exact GR tensor xi=0 angular integral
500.0,0.030548251063190195,500.0305482510632,1.0,0,20260723,2.0943951023931953,4.173411644715888,0.996328639220716,0.5,7.599088773175336e-08,7.59770742732021e-08,0.49632879118867806,exact GR tensor xi=0 angular integral
500.0,0.03119503895553305,500.03119503895556,1.0,0,20260723,2.0943951023931953,4.172755973988855,0.9961721093648439,0.5,7.599088773175336e-08,7.597678674936217e-08,0.49617226133251835,exact GR tensor xi=0 angular integral
500.0,0.03185552107137882,500.0318555210714,1.0,0,20260723,2.0943951023931953,4.172072454618325,0.9960089311350655,0.5,7.599088773175336e-08,7.597649345437519e-08,0.49600908310244674,exact GR tensor xi=0 angular integral
500.0,0.03252998735393692,500.03252998735394,1.0,0,20260723,2.0943951023931953,4.1713599131446495,0.9958388243885254,0.5,7.599088773175336e-08,7.597619428617364e-08,0.49583897635560753,exact GR tensor xi=0 angular integral
500.0,0.033218733885287295,500.0332187338853,1.0,0,20260723,2.0943951023931953,4.170617127481578,0.995661497373622,0.5,7.599088773175336e-08,7.597588914179194e-08,0.4956616493403989,exact GR tensor xi=0 angular integral
500.0,0.03392206301635672,500.03392206301635,1.0,0,20260723,2.0943951023931953,4.169842824973317,0.9954766462661646,0.5,7.599088773175336e-08,7.597557791742494e-08,0.4954767982326303,exact GR tensor xi=0 angular integral
500.0,0.03464028349964679,500.03464028349964,1.0,0,20260723,2.0943951023931953,4.169035680380198,0.9952839546884873,0.5,7.599088773175336e-08,7.597526050849178e-08,0.4952841066546355,exact GR tensor xi=0 angular integral
500.0,0.035373710624772584,500.03537371062475,1.0,0,20260723,2.0943951023931953,4.168194313791162,0.9950830932110912,0.5,7.599088773175336e-08,7.597493680970649e-08,0.49508324517691576,exact GR tensor xi=0 angular integral
500.0,0.036122666356870545,500.03612266635685,1.0,0,20260723,2.0943951023931953,4.167317288460908,0.9948737188363013,0.5,7.599088773175336e-08,7.59746067151544e-08,0.4948738708017957,exact GR tensor xi=0 angular integral
500.0,0.036887479477937135,500.0368874794779,1.0,0,20260723,2.0943951023931953,4.166403108569717,0.9946554744634637,0.5,7.599088773175336e-08,7.597427011837627e-08,0.4946556264286215,exact GR tensor xi=0 angular integral
500.0,0.0376684857311601,500.03766848573116,1.0,0,20260723,2.0943951023931953,4.165450216903961,0.9944279883352096,0.5,7.599088773175336e-08,7.597392691245896e-08,0.4944281403000243,exact GR tensor xi=0 angular integral
500.0,0.0384660279683051,500.0384660279683,1.0,0,20260723,2.0943951023931953,4.164456992455297,0.9941908734643027,0.5,7.599088773175336e-08,7.597357699013437e-08,0.4941910254287674,exact GR tensor xi=0 angular integral
500.0,0.039280456300223636,500.0392804563002,1.0,0,20260723,2.0943951023931953,4.163421747936586,0.9939437270406103,0.5,7.599088773175336e-08,7.597322024388644e-08,0.4939438790047183,exact GR tensor xi=0 angular integral
500.0,0.04011212825054687,500.04011212825054,1.0,0,20260723,2.0943951023931953,4.162342727212691,0.9936861298177504,0.5,7.599088773175336e-08,7.597285656606686e-08,0.4936862817814947,exact GR tensor xi=0 angular integral
500.0,0.040961408912634285,500.0409614089126,1.0,0,20260723,2.0943951023931953,4.161218102644205,0.9934176454789547,0.5,7.599088773175336e-08,7.597248584901989e-08,0.4934177974423283,exact GR tensor xi=0 angular integral
500.0,0.04182867110984471,500.04182867110984,1.0,0,20260723,2.0943951023931953,4.160045972342493,0.9931378199817569,0.5,7.599088773175336e-08,7.597210798521703e-08,0.4931379719447527,exact GR tensor xi=0 angular integral
500.0,0.04271429555920111,500.0427142955592,1.0,0,20260723,2.0943951023931953,4.158824357334181,0.9928461808810647,0.5,7.599088773175336e-08,7.597172286740193e-08,0.4928463328436753,exact GR tensor xi=0 angular integral
500.0,0.04361867103852067,500.04361867103853,1.0,0,20260723,2.0943951023931953,4.157551198633677,0.9925422366302763,0.5,7.599088773175336e-08,7.597133038874572e-08,0.49254238859249444,exact GR tensor xi=0 angular integral
500.0,0.04454219455708294,500.0445421945571,1.0,0,20260723,2.0943951023931953,4.156224354222161,0.9922254758600664,0.5,7.599088773175336e-08,7.597093044301427e-08,0.4922256278218845,exact GR tensor xi=0 angular integral
500.0,0.045485271529912226,500.0454852715299,1.0,0,20260723,2.0943951023931953,4.154841595931773,0.9918953666345414,0.5,7.599088773175336e-08,7.597052292474692e-08,0.49189551859595204,exact GR tensor xi=0 angular integral
500.0,0.04644831595574923,500.04644831595573,1.0,0,20260723,2.0943951023931953,4.153400606233888,0.9915513556844973,0.5,7.599088773175336e-08,7.597010772944806e-08,0.49155150764549277,exact GR tensor xi=0 angular integral
500.0,0.04743175059879154,500.0474317505988,1.0,0,20260723,2.0943951023931953,4.151898974930415,0.9911928676175232,0.5,7.599088773175336e-08,7.59696847537916e-08,0.4911930195780957,exact GR tensor xi=0 angular integral
500.0,0.04843600717428147,500.0484360071743,1.0,0,20260723,2.0943951023931953,4.150334195747539,0.9908193041048203,0.5,7.599088773175336e-08,7.596925389583942e-08,0.490819456064962,exact GR tensor xi=0 angular integral
500.0,0.049461526538023576,500.04946152653804,1.0,0,20260723,2.0943951023931953,4.1487036628313145,0.9904300430445836,0.5,7.599088773175336e-08,7.59688150552743e-08,0.4904301950042864,exact GR tensor xi=0 angular integral
500.0,0.05050875887991494,500.0505087588799,1.0,0,20260723,2.0943951023931953,4.147004667144954,0.9900244377019194,0.5,7.599088773175336e-08,7.59683681336477e-08,0.4900245896611753,exact GR tensor xi=0 angular integral
500.0,0.051578163921572405,500.0515781639216,1.0,0,20260723,2.0943951023931953,4.145234392767924,0.9896018158253195,0.5,7.599088773175336e-08,7.596791303464342e-08,0.48960196778412024,exact GR tensor xi=0 angular integral
500.0,0.052670211118144905,500.05267021111814,1.0,0,20260723,2.0943951023931953,4.143389913097335,0.9891614787398093,0.5,7.599088773175336e-08,7.596744966435786e-08,0.4891616306981467,exact GR tensor xi=0 angular integral
500.0,0.05378537986439785,500.0537853798644,1.0,0,20260723,2.0943951023931953,4.141468186952505,0.9887027004169813,0.5,7.599088773175336e-08,7.596697793159678e-08,0.4887028523748469,exact GR tensor xi=0 angular integral
500.0,0.054924159705161756,500.05492415970514,1.0,0,20260723,2.0943951023931953,4.1394660545840365,0.9882247265222324,0.5,7.599088773175336e-08,7.596649774819059e-08,0.4882248784796178,exact GR tensor xi=0 angular integral
500.0,0.056087050550235745,500.0560870505502,1.0,0,20260723,2.0943951023931953,4.137380233589218,0.9877267734396369,0.5,7.599088773175336e-08,7.59660090293271e-08,0.4877269253965336,exact GR tensor xi=0 angular integral
500.0,0.057274562893841766,500.05727456289384,1.0,0,20260723,2.0943951023931953,4.135207314736159,0.9872080272750343,0.5,7.599088773175336e-08,7.596551169390398e-08,0.4872081792314337,exact GR tensor xi=0 angular integral
500.0,0.05848721803872519,500.05848721803875,1.0,0,20260723,2.0943951023931953,4.132943757699647,0.9866676428380371,0.5,7.599088773175336e-08,7.59650056649004e-08,0.4866677947939305,exact GR tensor xi=0 angular integral
500.0,0.05972554832499964,500.059725548325,1.0,0,20260723,2.0943951023931953,4.130585886712421,0.9861047426038521,0.5,7.599088773175336e-08,7.5964490869769e-08,0.4861048945592307,exact GR tensor xi=0 angular integral
500.0,0.06099009736383799,500.06099009736386,1.0,0,20260723,2.0943951023931953,4.128129886136295,0.9855184156559619,0.5,7.599088773175336e-08,7.596396724084836e-08,0.48551856761081685,exact GR tensor xi=0 angular integral
500.0,0.06228142027611023,500.0622814202761,1.0,0,20260723,2.0943951023931953,4.125571795958368,0.9849077166109239,0.5,7.599088773175336e-08,7.596343471579679e-08,0.48490786856524637,exact GR tensor xi=0 angular integral
500.0,0.06360008393607493,500.0636000839361,1.0,0,20260723,2.0943951023931953,4.122907507218556,0.984271664526776,0.5,7.599088773175336e-08,7.596289323804766e-08,0.4842718164805569,exact GR tensor xi=0 angular integral
500.0,0.06494666722022935,500.0649466672202,1.0,0,20260723,2.0943951023931953,4.1201327573755435,0.9836092417967377,0.5,7.599088773175336e-08,7.596234275728646e-08,0.48360939374996825,exact GR tensor xi=0 angular integral
500.0,0.06632176126142904,500.0663217612614,1.0,0,20260723,2.0943951023931953,4.117243125619507,0.9829193930302049,0.5,7.599088773175336e-08,7.596178322995013e-08,0.48291954498287587,exact GR tensor xi=0 angular integral
500.0,0.06772596970838778,500.06772596970836,1.0,0,20260723,2.0943951023931953,4.11423402814099,0.9822010239232779,0.5,7.599088773175336e-08,7.596121461974871e-08,0.48220117587538025,exact GR tensor xi=0 angular integral
500.0,0.06915990899067118,500.0691599089907,1.0,0,20260723,2.0943951023931953,4.111100713366808,0.9814530001214171,0.5,7.599088773175336e-08,7.596063689820901e-08,0.48145315207294176,exact GR tensor xi=0 angular integral
500.0,0.07062420858930198,500.0706242085893,1.0,0,20260723,2.0943951023931953,4.107838257175112,0.9806741460771233,0.5,7.599088773175336e-08,7.596005004524079e-08,0.48067429802806116,exact GR tensor xi=0 angular integral
500.0,0.07211951131309353,500.0721195113131,1.0,0,20260723,2.0943951023931953,4.104441558103452,0.9798632439059478,0.5,7.599088773175336e-08,7.595945404972424e-08,0.4798633958562896,exact GR tensor xi=0 angular integral
500.0,0.07364647358083534,500.0736464735808,1.0,0,20260723,2.0943951023931953,4.100905332565256,0.9790190322445103,0.5,7.599088773175336e-08,7.595884891011908e-08,0.479019184194247,exact GR tensor xi=0 angular integral
500.0,0.07520576570945188,500.0752057657094,1.0,0,20260723,2.0943951023931953,4.097224110092084,0.9781402051146708,0.5,7.599088773175336e-08,7.595823463509428e-08,0.4781403570637932,exact GR tensor xi=0 angular integral
500.0,0.07679807220826351,500.07679807220825,1.0,0,20260723,2.0943951023931953,4.093392228620931,0.9772254107984564,0.5,7.599088773175336e-08,7.595761124417702e-08,0.47722556274695543,exact GR tensor xi=0 angular integral
500.0,0.07842409207947745,500.0784240920795,1.0,0,20260723,2.0943951023931953,4.089403829848111,0.9762732507288825,0.5,7.599088773175336e-08,7.595697876842004e-08,0.476273402676749,exact GR tensor xi=0 angular integral
500.0,0.08008453912504034,500.08008453912504,1.0,0,20260723,2.0943951023931953,4.085252854673501,0.9752822784023463,0.5,7.599088773175336e-08,7.595633725108569e-08,0.47528243034957124,exact GR tensor xi=0 angular integral
500.0,0.08178014225998874,500.08178014226,1.0,0,20260723,2.0943951023931953,4.080933038761568,0.9742509983188994,0.5,7.599088773175336e-08,7.595568674834433e-08,0.4742511502654739,exact GR tensor xi=0 angular integral
500.0,0.08351164583243297,500.08351164583246,1.0,0,20260723,2.0943951023931953,4.076437908248238,0.9731778649573399,0.5,7.599088773175336e-08,7.595502732998537e-08,0.47317801690325506,exact GR tensor xi=0 angular integral
500.0,0.08527980995031698,500.0852798099503,1.0,0,20260723,2.0943951023931953,4.071760775625696,0.9720612817927791,0.5,7.599088773175336e-08,7.595435908013698e-08,0.4720614337380259,exact GR tensor xi=0 angular integral
500.0,0.0870854108150955,500.0870854108151,1.0,0,20260723,2.0943951023931953,4.06689473584033,0.9708996003650946,0.5,7.599088773175336e-08,7.595368209799215e-08,0.47089975230966447,exact GR tensor xi=0 angular integral
500.0,0.08892924106247677,500.0889292410625,1.0,0,20260723,2.0943951023931953,4.06183266264247,0.9696911194074961,0.5,7.599088773175336e-08,7.595299649853648e-08,0.46969127135138034,exact GR tensor xi=0 angular integral
500.0,0.0908121101103798,500.0908121101104,1.0,0,20260723,2.0943951023931953,4.056567205230212,0.968434084045295,0.5,7.599088773175336e-08,7.595230241327301e-08,0.46843423598848516,exact GR tensor xi=0 angular integral
500.0,0.09273484451425784,500.09273484451427,1.0,0,20260723,2.0943951023931953,4.051090785233554,0.9671266850759219,0.5,7.599088773175336e-08,7.595159999093887e-08,0.4671268370184096,exact GR tensor xi=0 angular integral
500.0,0.09469828832994641,500.09469828832994,1.0,0,20260723,2.0943951023931953,4.045395594089243,0.9657670583422164,0.5,7.599088773175336e-08,7.59508893982077e-08,0.46576721028399365,exact GR tensor xi=0 angular integral
500.0,0.09670330348419232,500.0967033034842,1.0,0,20260723,2.0943951023931953,4.039473590861214,0.9643532842120961,0.5,7.599088773175336e-08,7.595017082037017e-08,0.46435343615315466,exact GR tensor xi=0 angular integral
500.0,0.09875077015302886,500.098750770153,1.0,0,20260723,2.0943951023931953,4.033316500566273,0.9628833871788416,0.5,7.599088773175336e-08,7.594944446198554e-08,0.46288353911917385,exact GR tensor xi=0 angular integral
500.0,0.10084158714816197,500.1008415871482,1.0,0,20260723,2.0943951023931953,4.026915813069706,0.9613553355974438,0.5,7.599088773175336e-08,7.59487105474939e-08,0.46135548753704203,exact GR tensor xi=0 angular integral
500.0,0.10297667231153694,500.1029766723115,1.0,0,20260723,2.0943951023931953,4.0202627826209225,0.9597670415737467,0.5,7.599088773175336e-08,7.594796932177996e-08,0.45976719351260376,exact GR tensor xi=0 angular integral
500.0,0.10515696291825907,500.1051569629183,1.0,0,20260723,2.0943951023931953,4.013348428104891,0.9581163610244723,0.5,7.599088773175336e-08,7.594722105067599e-08,0.45811651296258105,exact GR tensor xi=0 angular integral
500.0,0.10738341608804577,500.10738341608806,1.0,0,20260723,2.0943951023931953,4.006163534091135,0.9564010939276515,0.5,7.599088773175336e-08,7.594646602139161e-08,0.45640124586500525,exact GR tensor xi=0 angular integral
500.0,0.10965700920538958,500.10965700920536,1.0,0,20260723,2.0943951023931953,3.998698652768424,0.9546189847844957,0.5,7.599088773175336e-08,7.59457045428554e-08,0.45461913672108806,exact GR tensor xi=0 angular integral
500.0,0.1119787403486183,500.1119787403486,1.0,0,20260723,2.0943951023931953,3.9909441068598905,0.9527677233153315,0.5,7.599088773175336e-08,7.594493694595262e-08,0.4527678752511562,exact GR tensor xi=0 angular integral
500.0,0.11434962872803738,500.11434962872806,1.0,0,20260723,2.0943951023931953,3.982889993620327,0.9508449454138839,0.5,7.599088773175336e-08,7.594416358364125e-08,0.4508450973489352,exact GR tensor xi=0 angular integral
500.0,0.11677071513335105,500.1167707151333,1.0,0,20260723,2.0943951023931953,3.974526190024642,0.9488482343859292,0.5,7.599088773175336e-08,7.594338483092672e-08,0.4488483863202018,exact GR tensor xi=0 angular integral
500.0,0.11924306239055553,500.1192430623906,1.0,0,20260723,2.0943951023931953,3.9658423592640446,0.9467751225001455,0.5,7.599088773175336e-08,7.594260108467275e-08,0.4467752744336343,exact GR tensor xi=0 angular integral
500.0,0.12176775582850571,500.1217677558285,1.0,0,20260723,2.0943951023931953,3.9568279586743684,0.9446230928808593,0.5,7.599088773175336e-08,7.594181276322633e-08,0.44462324481355986,exact GR tensor xi=0 angular integral
500.0,0.12434590375536178,500.12434590375534,1.0,0,20260723,2.0943951023931953,3.9474722492290044,0.9423895817743175,0.5,7.599088773175336e-08,7.594102030582864e-08,0.4423897337062256,exact GR tensor xi=0 angular integral
500.0,0.12697863794512076,500.1269786379451,1.0,0,20260723,2.0943951023931953,3.9377643067372383,0.9400719812220929,0.5,7.599088773175336e-08,7.594022417178486e-08,0.4400721331532048,exact GR tensor xi=0 angular integral
500.0,0.12966711413445187,500.12966711413446,1.0,0,20260723,2.0943951023931953,3.9276930348972345,0.9376676421772546,0.5,7.599088773175336e-08,7.593942483936147e-08,0.43766779410756723,exact GR tensor xi=0 angular integral
500.0,0.13241251253004985,500.13241251253004,1.0,0,20260723,2.0943951023931953,3.9172471803614854,0.9351738781009796,0.5,7.599088773175336e-08,7.593862280437725e-08,0.43517403003049016,exact GR tensor xi=0 angular integral
500.0,0.1352160383267304,500.13521603832675,1.0,0,20260723,2.0943951023931953,3.906415349981194,0.9325879690793452,0.5,7.599088773175336e-08,7.59378185784519e-08,0.4325881210080515,exact GR tensor xi=0 angular integral
500.0,0.13807892223649648,500.1380789222365,1.0,0,20260723,2.0943951023931953,3.895186030404628,0.9299071665020915,0.5,7.599088773175336e-08,7.593701268687325e-08,0.4299073184299919,exact GR tensor xi=0 angular integral
500.0,0.14100242102880325,500.1410024210288,1.0,0,20260723,2.0943951023931953,3.883547610212998,0.9271286983471738,0.5,7.599088773175336e-08,7.593620566604107e-08,0.42712885027426717,exact GR tensor xi=0 angular integral
500.0,0.1439878180822652,500.1439878180823,1.0,0,20260723,2.0943951023931953,3.871488404785621,0.9242497751168823,0.5,7.599088773175336e-08,7.593539806044288e-08,0.42424992704316816,exact GR tensor xi=0 angular integral
500.0,0.1470364239480422,500.14703642394807,1.0,0,20260723,2.0943951023931953,3.858996684094048,0.9212675964732016,0.5,7.599088773175336e-08,7.593459041911434e-08,0.42126774839867964,exact GR tensor xi=0 angular integral
500.0,0.150149576925156,500.1501495769252,1.0,0,20260723,2.0943951023931953,3.8460607036321672,0.9181793586218289,0.5,7.599088773175336e-08,7.593378329153379e-08,0.41817951054649993,exact GR tensor xi=0 angular integral
500.0,0.15332864364798446,500.15332864364797,1.0,0,20260723,2.0943951023931953,3.832668738696055,0.9149822624958854,0.5,7.599088773175336e-08,7.593297722289863e-08,0.41498241441975037,exact GR tensor xi=0 angular integral
500.0,0.15657501968619805,500.1565750196862,1.0,0,20260723,2.0943951023931953,3.8188091222330427,0.9116735227917161,0.5,7.599088773175336e-08,7.593217274872811e-08,0.41167367471477656,exact GR tensor xi=0 angular integral
500.0,0.15989013015739653,500.1598901301574,1.0,0,20260723,2.0943951023931953,3.804470286484275,0.9082503779103175,0.5,7.599088773175336e-08,7.593137038873569e-08,0.40825052983257565,exact GR tensor xi=0 angular integral
500.0,0.1632754303527172,500.1632754303527,1.0,0,20260723,2.0943951023931953,3.789640808648283,0.9047101008587126,0.5,7.599088773175336e-08,7.593057063991191e-08,0.40471025278017103,exact GR tensor xi=0 angular integral
500.0,0.1667324063756903,500.1667324063757,1.0,0,20260723,2.0943951023931953,3.774309460794777,0.9010500111659925,0.5,7.599088773175336e-08,7.592977396875833e-08,0.40105016308665425,exact GR tensor xi=0 angular integral
500.0,0.1702625757946177,500.1702625757946,1.0,0,20260723,2.0943951023931953,3.7584652642575915,0.8972674878686736,0.5,7.599088773175336e-08,7.592898080261202e-08,0.3972676397885422,exact GR tensor xi=0 angular integral
500.0,0.1738674883087671,500.17386748830876,1.0,0,20260723,2.0943951023931953,3.742097548732927,0.8933599836193651,0.5,7.599088773175336e-08,7.592819152000073e-08,0.3933601355384444,exact GR tensor xi=0 angular integral
500.0,0.17754872642866998,500.17754872642865,1.0,0,20260723,2.0943951023931953,3.7251960163037086,0.8893250399714581,0.5,7.599088773175336e-08,7.59274064399702e-08,0.3893251918897523,exact GR tensor xi=0 angular integral
500.0,0.1813079061708231,500.18130790617084,1.0,0,20260723,2.0943951023931953,3.707750810602131,0.8851603038904665,0.5,7.599088773175336e-08,7.592662581032789e-08,0.38516045580798014,exact GR tensor xi=0 angular integral
500.0,0.1851466777671006,500.1851466777671,1.0,0,20260723,2.0943951023931953,3.6897525913100986,0.8808635455396983,0.5,7.599088773175336e-08,7.592584979475114e-08,0.38086369745643583,exact GR tensor xi=0 angular integral
500.0,0.18906672638918248,500.18906672638917,1.0,0,20260723,2.0943951023931953,3.6711926141806575,0.8764326773839636,0.5,7.599088773175336e-08,7.592507845871349e-08,0.37643282929992977,exact GR tensor xi=0 angular integral
500.0,0.19306977288832497,500.19306977288835,1.0,0,20260723,2.0943951023931953,3.6520628167419193,0.8718657746498808,0.5,7.599088773175336e-08,7.592431175419106e-08,0.3718659265650802,exact GR tensor xi=0 angular integral
500.0,0.19715757455079166,500.1971575745508,1.0,0,20260723,2.0943951023931953,3.6323559098180174,0.8671610971748945,0.5,7.599088773175336e-08,7.592354950312051e-08,0.3671612490893318,exact GR tensor xi=0 angular integral
500.0,0.20133192586927964,500.2013319258693,1.0,0,20260723,2.0943951023931953,3.6120654749683467,0.8623171126691808,0.5,7.599088773175336e-08,7.592279137959287e-08,0.3623172645828599,exact GR tensor xi=0 angular integral
500.0,0.2055946593306802,500.2055946593307,1.0,0,20260723,2.0943951023931953,3.5911860679061145,0.8573325214050076,0.5,7.599088773175336e-08,7.592203689078345e-08,0.35733267331793217,exact GR tensor xi=0 angular integral
500.0,0.20994764622051484,500.20994764622054,1.0,0,20260723,2.0943951023931953,3.5697133279093096,0.8522062823366798,0.5,7.599088773175336e-08,7.592128535663718e-08,0.3522064342488529,exact GR tensor xi=0 angular integral
500.0,0.2143927974444074,500.2143927974444,1.0,0,20260723,2.0943951023931953,3.547644093180549,0.8469376406406735,0.5,7.599088773175336e-08,7.592053588835151e-08,0.34693779255209717,exact GR tensor xi=0 angular integral
500.0,0.2189320643669462,500.2189320643669,1.0,0,20260723,2.0943951023931953,3.5249765220462925,0.8415261566498173,0.5,7.599088773175336e-08,7.591978736572693e-08,0.34152630856049243,exact GR tensor xi=0 angular integral
500.0,0.22356743966831008,500.22356743966833,1.0,0,20260723,2.0943951023931953,3.5017102198094596,0.8359717361371244,0.5,7.599088773175336e-08,7.591903841348648e-08,0.3359718880470506,exact GR tensor xi=0 angular integral
500.0,0.22830095821902677,500.22830095821905,1.0,0,20260723,2.0943951023931953,3.477846370981872,0.8302746618839619,0.5,7.599088773175336e-08,7.591828737670418e-08,0.33027481379313706,exact GR tensor xi=0 angular integral
500.0,0.23313469797325692,500.23313469797324,1.0,0,20260723,2.0943951023931953,3.453387876522979,0.8244356264433841,0.5,7.599088773175336e-08,7.591753229552412e-08,0.32443577835180415,exact GR tensor xi=0 angular integral
500.0,0.2380707808809889,500.238070780881,1.0,0,20260723,2.0943951023931953,3.4283394955984776,0.8184557659825094,0.5,7.599088773175336e-08,7.591677087940213e-08,0.3184559178901679,exact GR tensor xi=0 angular integral
500.0,0.24311137381954728,500.24311137381954,1.0,0,20260723,2.0943951023931953,3.4027079912455336,0.8123366950575307,0.5,7.599088773175336e-08,7.591600048115741e-08,0.31233684696441893,exact GR tensor xi=0 angular integral
500.0,0.24825868954482624,500.2482586895448,1.0,0,20260723,2.0943951023931953,3.3765022791897716,0.8060805421411545,0.5,7.599088773175336e-08,7.591521807118355e-08,0.30608069404726035,exact GR tensor xi=0 angular integral
500.0,0.25351498766265823,500.25351498766264,1.0,0,20260723,2.0943951023931953,3.3497335789023674,0.7996899856848259,0.5,7.599088773175336e-08,7.591442021223872e-08,0.29969013759013374,exact GR tensor xi=0 angular integral
500.0,0.2588825756207539,500.25888257562076,1.0,0,20260723,2.0943951023931953,3.3224155658128125,0.7931682904568482,0.5,7.599088773175336e-08,7.591360303531102e-08,0.29316844236133893,exact GR tensor xi=0 angular integral
500.0,0.26436380972164186,500.26436380972166,1.0,0,20260723,2.0943951023931953,3.2945645234041376,0.7865193438524443,0.5,7.599088773175336e-08,7.59127622171384e-08,0.28651949575609426,exact GR tensor xi=0 angular integral
500.0,0.2699610961570547,500.26996109615703,1.0,0,20260723,2.0943951023931953,3.2661994937123824,0.7797476918228574,0.5,7.599088773175336e-08,7.591189296005322e-08,0.2797478437256381,exact GR tensor xi=0 angular integral
500.0,0.2756768920642186,500.2756768920642,1.0,0,20260723,2.0943951023931953,3.237342424531218,0.7728585740178668,0.5,7.599088773175336e-08,7.591098997491752e-08,0.2728587259197445,exact GR tensor xi=0 angular integral
500.0,0.28151370660450187,500.2815137066045,1.0,0,20260723,2.0943951023931953,3.2080183113867395,0.7658579576797722,0.5,7.599088773175336e-08,7.591004746801619e-08,0.2658581095807074,exact GR tensor xi=0 angular integral
500.0,0.28747410206490714,500.2874741020649,1.0,0,20260723,2.0943951023931953,3.1782553320973905,0.7587525697672097,0.5,7.599088773175336e-08,7.590905913287992e-08,0.2587527216671567,exact GR tensor xi=0 angular integral
500.0,0.29356069498288123,500.2935606949829,1.0,0,20260723,2.0943951023931953,3.148084971472053,0.7515499267246284,0.5,7.599088773175336e-08,7.590801814811603e-08,0.2515500786235343,exact GR tensor xi=0 angular integral
500.0,0.299776157294944,500.29977615729496,1.0,0,20260723,2.0943951023931953,3.117542133427532,0.7442583612483673,0.5,7.599088773175336e-08,7.590691718243022e-08,0.24425851314617222,exact GR tensor xi=0 angular integral
500.0,0.3061232175096311,500.30612321750965,1.0,0,20260723,2.0943951023931953,3.086665237528736,0.7368870453339263,0.5,7.599088773175336e-08,7.590574840812316e-08,0.23688719723056248,exact GR tensor xi=0 angular integral
500.0,0.3126046619052763,500.31260466190525,1.0,0,20260723,2.0943951023931953,3.055496296674616,0.7294460088221183,0.5,7.599088773175336e-08,7.590450352443756e-08,0.2294461607175096,exact GR tensor xi=0 angular integral
500.0,0.3192233357531519,500.3192233357532,1.0,0,20260723,2.0943951023931953,3.024080972376173,0.72194615259572,0.5,7.599088773175336e-08,7.590317379221e-08,0.22194630448978153,exact GR tensor xi=0 angular integral
500.0,0.3259821445665054,500.3259821445665,1.0,0,20260723,2.0943951023931953,2.992468603805646,0.7143992555144567,0.5,7.599088773175336e-08,7.590175008134051e-08,0.2143994074070946,exact GR tensor xi=0 angular integral
500.0,0.33288405537604576,500.33288405537604,1.0,0,20260723,2.0943951023931953,2.9607122065465172,0.7068179741165863,0.5,7.599088773175336e-08,7.590022293262413e-08,0.20681812600769703,exact GR tensor xi=0 angular integral
500.0,0.3399320980324276,500.3399320980324,1.0,0,20260723,2.0943951023931953,2.9288684367514173,0.6992158340622305,0.5,7.599088773175336e-08,7.589858263548458e-08,0.19921598595170087,exact GR tensor xi=0 angular integral
500.0,0.34712936653631976,500.3471293665363,1.0,0,20260723,2.0943951023931953,2.8969975162302104,0.691607212249472,0.5,7.599088773175336e-08,7.58968193231021e-08,0.19160736413717908,exact GR tensor xi=0 angular integral
500.0,0.3544790203966315,500.35447902039664,1.0,0,20260723,2.0943951023931953,2.865163113856262,0.6840073085021866,0.5,7.599088773175336e-08,7.58949230863202e-08,0.1840074603879974,exact GR tensor xi=0 angular integral
500.0,0.36198428601749555,500.3619842860175,1.0,0,20260723,2.0943951023931953,2.8334321786092564,0.6764321057119519,0.5,7.599088773175336e-08,7.589288410754516e-08,0.1764322575957237,exact GR tensor xi=0 angular integral
500.0,0.36964845811462155,500.3696484581146,1.0,0,20260723,2.0943951023931953,2.8018747195841027,0.6688983173190421,0.5,7.599088773175336e-08,7.589069281559395e-08,0.16889846920062268,exact GR tensor xi=0 angular integral
500.0,0.37747490116162935,500.37747490116163,1.0,0,20260723,2.0943951023931953,2.7705635284053987,0.661423321043763,0.5,7.599088773175336e-08,7.588834006209882e-08,0.1614234729229908,exact GR tensor xi=0 angular integral
500.0,0.3854670508670133,500.385467050867,1.0,0,20260723,2.0943951023931953,2.7395738397147067,0.6540250778337591,0.5,7.599088773175336e-08,7.588581731961313e-08,0.15402522971046412,exact GR tensor xi=0 angular integral
500.0,0.39362841568237245,500.3936284156824,1.0,0,20260723,2.0943951023931953,2.7089829257649547,0.6467220350805563,0.5,7.599088773175336e-08,7.588311690098056e-08,0.1467221869545609,exact GR tensor xi=0 angular integral
500.0,0.40196257834257954,500.4019625783426,1.0,0,20260723,2.0943951023931953,2.6788696216840475,0.6395330132845978,0.5,7.599088773175336e-08,7.588023219880353e-08,0.13953316515571776,exact GR tensor xi=0 angular integral
500.0,0.41047319743855076,500.41047319743853,1.0,0,20260723,2.0943951023931953,2.6493137786813965,0.6324770755179179,0.5,7.599088773175336e-08,7.587715794297559e-08,0.1324772273859636,exact GR tensor xi=0 angular integral
500.0,0.41916400902332374,500.41916400902335,1.0,0,20260723,2.0943951023931953,2.6203956433888203,0.6255733792526973,0.5,7.599088773175336e-08,7.587389047320566e-08,0.1255735311174755,exact GR tensor xi=0 angular integral
500.0,0.4280388282521362,500.4280388282521,1.0,0,20260723,2.0943951023931953,2.5921951626735096,0.6188410103975832,0.5,7.599088773175336e-08,7.587042802226588e-08,0.11884116225889897,exact GR tensor xi=0 angular integral
500.0,0.43710155105722953,500.43710155105725,1.0,0,20260723,2.0943951023931953,2.5647912146551675,0.6122987997165545,0.5,7.599088773175336e-08,7.58667710043295e-08,0.1122989515742133,exact GR tensor xi=0 angular integral
500.0,0.4463561558581169,500.4463561558581,1.0,0,20260723,2.0943951023931953,2.53826076831932,0.6059651222013779,0.5,7.599088773175336e-08,7.586292230124848e-08,0.1059652740551879,exact GR tensor xi=0 angular integral
500.0,0.45580670530805306,500.4558067053081,1.0,0,20260723,2.0943951023931953,2.5126779760564726,0.5998576804312901,0.5,7.599088773175336e-08,7.585888753796394e-08,0.09985783228106539,exact GR tensor xi=0 angular integral
500.0,0.46545734807749095,500.4654573480775,1.0,0,20260723,2.0943951023931953,2.488113205678009,0.5939932734838153,0.5,7.599088773175336e-08,7.585467533648503e-08,0.09399342532937832,exact GR tensor xi=0 angular integral
500.0,0.4753123206752941,500.4753123206753,1.0,0,20260723,2.0943951023931953,2.46463202096205,0.5883875535580171,0.5,7.599088773175336e-08,7.585029753605479e-08,0.08838770539920233,exact GR tensor xi=0 angular integral
500.0,0.48537594930850875,500.4853759493085,1.0,0,20260723,2.0943951023931953,2.442294122552059,0.5830547731326652,0.5,7.599088773175336e-08,7.584576936531704e-08,0.08305492496932226,exact GR tensor xi=0 angular integral
500.0,0.49565265178151746,500.49565265178154,1.0,0,20260723,2.0943951023931953,2.4211522640405514,0.5780075262002813,0.5,7.599088773175336e-08,7.584110955059121e-08,0.07800767803227855,exact GR tensor xi=0 angular integral
500.0,0.5061469394353931,500.5061469394354,1.0,0,20260723,2.0943951023931953,2.4012511612762393,0.5732564878834012,0.5,7.599088773175336e-08,7.58363403428668e-08,0.07325663971062933,exact GR tensor xi=0 angular integral
500.0,0.5168634191283236,500.5168634191283,1.0,0,20260723,2.0943951023931953,2.382626416272042,0.5688101575365351,0.5,7.599088773175336e-08,7.583148744498236e-08,0.06881030935891025,exact GR tensor xi=0 angular integral
500.0,0.527806795257963,500.52780679525796,1.0,0,20260723,2.0943951023931953,2.365303480478498,0.564674611245926,0.5,7.599088773175336e-08,7.582657981982773e-08,0.0646747630633935,exact GR tensor xi=0 angular integral
500.0,0.5389818718266007,500.5389818718266,1.0,0,20260723,2.0943951023931953,2.349296685511821,0.5608532704329183,0.5,7.599088773175336e-08,7.58216493604874e-08,0.060853422245455376,exact GR tensor xi=0 angular integral
500.0,0.5503935545500616,500.55039355455006,1.0,0,20260723,2.0943951023931953,2.3346083725507123,0.5573466940127566,0.5,7.599088773175336e-08,7.581673040425448e-08,0.05734684582037475,exact GR tensor xi=0 angular integral
500.0,0.5620468530112458,500.5620468530112,1.0,0,20260723,2.0943951023931953,2.321228154375029,0.5541524022192945,0.5,7.599088773175336e-08,7.581185907462243e-08,0.054152554022041326,exact GR tensor xi=0 angular integral
500.0,0.5739468828592763,500.5739468828593,1.0,0,20260723,2.0943951023931953,2.309132346217022,0.5512647407307374,0.5,7.599088773175336e-08,7.580707243895183e-08,0.051264892528697606,exact GR tensor xi=0 angular integral
500.0,0.5860988680552013,500.5860988680552,1.0,0,20260723,2.0943951023931953,2.298283603009016,0.5486747940689043,0.5,7.599088773175336e-08,7.580240747476416e-08,0.04867494586219956,exact GR tensor xi=0 angular integral
500.0,0.5985081431652503,500.59850814316525,1.0,0,20260723,2.0943951023931953,2.288630800991484,0.5463703573352379,0.5,7.599088773175336e-08,7.579789984475261e-08,0.0463705091240255,exact GR tensor xi=0 angular integral
500.0,0.6111801557026345,500.61118015570264,1.0,0,20260723,2.0943951023931953,2.2801092007249495,0.5443359751270295,0.5,7.599088773175336e-08,7.579358248980664e-08,0.04433612691149964,exact GR tensor xi=0 angular integral
500.0,0.6241204685189395,500.6241204685189,1.0,0,20260723,2.0943951023931953,2.272640926049288,0.5425530558805302,0.5,7.599088773175336e-08,7.578948406072377e-08,0.042553207660901975,exact GR tensor xi=0 angular integral
500.0,0.6373347622461453,500.63733476224616,1.0,0,20260723,2.0943951023931953,2.2661357891778935,0.5410000688476725,0.5,7.599088773175336e-08,7.578562722282088e-08,0.04100022062418746,exact GR tensor xi=0 angular integral
500.0,0.6508288377903493,500.65082883779036,1.0,0,20260723,2.0943951023931953,2.2604924856423283,0.5396528293680928,0.5,7.599088773175336e-08,7.578202688319531e-08,0.03965298114100744,exact GR tensor xi=0 angular integral
500.0,0.6646086188782958,500.6646086188783,1.0,0,20260723,2.0943951023931953,2.2556001739949805,0.5384848759953605,0.5,7.599088773175336e-08,7.577868840754953e-08,0.03848502776493666,exact GR tensor xi=0 angular integral
500.0,0.6786801546578083,500.6786801546578,1.0,0,20260723,2.0943951023931953,2.251340443875912,0.5374679403383298,0.5,7.599088773175336e-08,7.577560591166275e-08,0.03746809210482342,exact GR tensor xi=0 angular integral
500.0,0.693049622353293,500.69304962235327,1.0,0,20260723,2.0943951023931953,2.2475896621925044,0.5365725071702705,0.5,7.599088773175336e-08,7.577276073083467e-08,0.03657265893391893,exact GR tensor xi=0 angular integral
500.0,0.7077233299774606,500.70772332997745,1.0,0,20260723,2.0943951023931953,2.244221670810724,0.5357684584552186,0.5,7.599088773175336e-08,7.577012018766994e-08,0.035768610216226536,exact GR tensor xi=0 angular integral
500.0,0.7227077191004615,500.72270771910047,1.0,0,20260723,2.0943951023931953,2.241110790542371,0.5350257904971055,0.5,7.599088773175336e-08,7.57676367927675e-08,0.03502594225563003,exact GR tensor xi=0 angular integral
500.0,0.7380093676776585,500.73800936767765,1.0,0,20260723,2.0943951023931953,2.238135065761092,0.5343153885347731,0.5,7.599088773175336e-08,7.576524802220255e-08,0.034315540290908914,exact GR tensor xi=0 angular integral
500.0,0.7536349929372569,500.75363499293724,1.0,0,20260723,2.0943951023931953,2.2351796623537177,0.5336098379431017,0.5,7.599088773175336e-08,7.576287681777744e-08,0.03360998969686627,exact GR tensor xi=0 angular integral
500.0,0.7695914543290873,500.7695914543291,1.0,0,20260723,2.0943951023931953,2.2321403098385337,0.5328842459782163,0.5,7.599088773175336e-08,7.576043294824353e-08,0.032884397729536906,exact GR tensor xi=0 angular integral
500.0,0.7858857565358133,500.78588575653583,1.0,0,20260723,2.0943951023931953,2.228926657566096,0.5321170430114108,0.5,7.599088773175336e-08,7.575781534932531e-08,0.03211719476011394,exact GR tensor xi=0 angular integral
500.0,0.8025250525479042,500.8025250525479,1.0,0,20260723,2.0943951023931953,2.2254653964519355,0.5312907277879352,0.5,7.599088773175336e-08,7.575491552478473e-08,0.031290879533738485,exact GR tensor xi=0 angular integral
500.0,0.8195166468036972,500.8195166468037,1.0,0,20260723,2.0943951023931953,2.2217029834267197,0.5303925178415605,0.5,7.599088773175336e-08,7.575162203774969e-08,0.030392669584070327,exact GR tensor xi=0 angular integral
500.0,0.8368679983959582,500.836867998396,1.0,0,20260723,2.0943951023931953,2.2176077976910618,0.5294148642624965,0.5,7.599088773175336e-08,7.574782604972597e-08,0.029415016001210277,exact GR tensor xi=0 angular integral
500.0,0.854586724346327,500.85458672434635,1.0,0,20260723,2.0943951023931953,2.213171558013781,0.528355790052427,0.5,7.599088773175336e-08,7.574342777407091e-08,0.02835594178674254,exact GR tensor xi=0 angular integral
500.0,0.872680602949091,500.8726806029491,1.0,0,20260723,2.0943951023931953,2.208409840788499,0.5272190138014128,0.5,7.599088773175336e-08,7.573834360306583e-08,0.027219165530644088,exact GR tensor xi=0 angular integral
500.0,0.8911575771857633,500.89115757718577,1.0,0,20260723,2.0943951023931953,2.2033615612496193,0.5260138258373293,0.5,7.599088773175336e-08,7.57325135473952e-08,0.026013977560730518,exact GR tensor xi=0 angular integral
500.0,0.9100257582119402,500.91002575821193,1.0,0,20260723,2.0943951023931953,2.198087316615731,0.5247546926804905,0.5,7.599088773175336e-08,7.572590850115667e-08,0.02475484439728672,exact GR tensor xi=0 angular integral
500.0,0.9292934289180016,500.929293428918,1.0,0,20260723,2.0943951023931953,2.192666540763664,0.523460577772116,0.5,7.599088773175336e-08,7.57185367252777e-08,0.02346072948154041,exact GR tensor xi=0 angular integral
500.0,0.9489690475651923,500.9489690475652,1.0,0,20260723,2.0943951023931953,2.1871934851454666,0.5221539819889365,0.5,7.599088773175336e-08,7.571044884180582e-08,0.022154133690273064,exact GR tensor xi=0 angular integral
500.0,0.9690612514986887,500.9690612514987,1.0,0,20260723,2.0943951023931953,2.1817721185595103,0.5208597260532343,0.5,7.599088773175336e-08,7.570174056876478e-08,0.020859877745862555,exact GR tensor xi=0 angular integral
500.0,0.9895788609392909,500.9895788609393,1.0,0,20260723,2.0943951023931953,2.176510126017573,0.5196035178678913,0.5,7.599088773175336e-08,7.56925524204985e-08,0.01960366955133145,exact GR tensor xi=0 angular integral
500.0,1.010530882855375,501.0105308828554,1.0,0,20260723,2.0943951023931953,2.1715122794603565,0.5184103698912975,0.5,7.599088773175336e-08,7.568306567304616e-08,0.0184105215652509,exact GR tensor xi=0 angular integral
500.0,1.0319265149168448,501.03192651491685,1.0,0,20260723,2.0943951023931953,2.166873543718716,0.5173029533068288,0.5,7.599088773175336e-08,7.567349406808612e-08,0.017303104971210716,exact GR tensor xi=0 angular integral
500.0,1.053775149532788,501.0537751495328,1.0,0,20260723,2.0943951023931953,2.1626723613380365,0.5162999948927552,0.5,7.599088773175336e-08,7.566407101751003e-08,0.01630014654771395,exact GR tensor xi=0 angular integral
500.0,1.0760863779746315,501.0760863779746,1.0,0,20260723,2.0943951023931953,2.158964619631588,0.5154148367623214,0.5,7.599088773175336e-08,7.565503247983279e-08,0.015414988408241537,exact GR tensor xi=0 angular integral
500.0,1.0988699945865743,501.09886999458655,1.0,0,20260723,2.0943951023931953,2.1557788317000415,0.5146542859168991,0.5,7.599088773175336e-08,7.564659620147694e-08,0.014654437554383025,exact GR tensor xi=0 angular integral
500.0,1.1221360010851889,501.1221360010852,1.0,0,20260723,2.0943951023931953,2.153113049359139,0.5140178772617565,0.5,7.599088773175336e-08,7.563893862354131e-08,0.014018028891582865,exact GR tensor xi=0 angular integral
500.0,1.1458946109500434,501.14589461095005,1.0,0,20260723,2.0943951023931953,2.150933960611914,0.5134976581434214,0.5,7.599088773175336e-08,7.563217139763678e-08,0.01349780976648056,exact GR tensor xi=0 angular integral
500.0,1.1701562539072878,501.1701562539073,1.0,0,20260723,2.0943951023931953,2.149178501228357,0.5130785730859861,0.5,7.599088773175336e-08,7.562632005656065e-08,0.013078724703193932,exact GR tensor xi=0 angular integral
500.0,1.1949315805081784,501.1949315805082,1.0,0,20260723,2.0943951023931953,2.147758127828094,0.512739483914454,0.5,7.599088773175336e-08,7.562130784575853e-08,0.01273963552664959,exact GR tensor xi=0 angular integral
500.0,1.220231466804521,501.22023146680453,1.0,0,20260723,2.0943951023931953,2.1465656640594757,0.5124548041596036,0.5,7.599088773175336e-08,7.56169479191131e-08,0.012454955767439274,exact GR tensor xi=0 angular integral
500.0,1.2460670191231271,501.24606701912313,1.0,0,20260723,2.0943951023931953,2.1454843558537426,0.5121966608406813,0.5,7.599088773175336e-08,7.561294690979161e-08,0.012196812444515957,exact GR tensor xi=0 angular integral
500.0,1.2724495789413475,501.27244957894135,1.0,0,20260723,2.0943951023931953,2.1443984794243534,0.5119374269386948,0.5,7.599088773175336e-08,7.560892218806725e-08,0.011937578538504764,exact GR tensor xi=0 angular integral
500.0,1.2993907278658334,501.29939072786584,1.0,0,20260723,2.0943951023931953,2.143204568952388,0.5116524018088612,0.5,7.599088773175336e-08,7.560443383661476e-08,0.01165255340418279,exact GR tensor xi=0 angular integral
500.0,1.3269022927167236,501.32690229271674,1.0,0,20260723,2.0943951023931953,2.141822109526356,0.5113223639319456,0.5,7.599088773175336e-08,7.559903050457312e-08,0.011322515521863809,exact GR tensor xi=0 angular integral
500.0,1.3549963507194525,501.35499635071943,1.0,0,20260723,2.0943951023931953,2.1402024186508486,0.5109356912182689,0.5,7.599088773175336e-08,7.559230594483796e-08,0.010935842801462599,exact GR tensor xi=0 angular integral
500.0,1.383685234806508,501.38368523480653,1.0,0,20260723,2.0943951023931953,2.1383344586959567,0.5104897486277907,0.5,7.599088773175336e-08,7.558396042887692e-08,0.010489900202638923,exact GR tensor xi=0 angular integral
500.0,1.4129815390314289,501.4129815390314,1.0,0,20260723,2.0943951023931953,2.1362465162142357,0.5099912890775046,0.5,7.599088773175336e-08,7.557385875229479e-08,0.009991440642251052,exact GR tensor xi=0 angular integral
500.0,1.4428981240974288,501.44289812409744,1.0,0,20260723,2.0943951023931953,2.134003067575347,0.5094557051668267,0.5,7.599088773175336e-08,7.55620747109081e-08,0.009455856719789178,exact GR tensor xi=0 angular integral
500.0,1.4734481230030951,501.4734481230031,1.0,0,20260723,2.0943951023931953,2.1316967128014945,0.5089051035226534,0.5,7.599088773175336e-08,7.554891134601138e-08,0.008905255062452534,exact GR tensor xi=0 angular integral
500.0,1.504644946807588,501.5046449468076,1.0,0,20260723,2.0943951023931953,2.129435756067775,0.5083653398622209,0.5,7.599088773175336e-08,7.553488752405878e-08,0.00836549138799614,exact GR tensor xi=0 angular integral
500.0,1.536502290517936,501.53650229051794,1.0,0,20260723,2.0943951023931953,2.1273287602805517,0.5078623316703053,0.5,7.599088773175336e-08,7.552068497298279e-08,0.007862483181878013,exact GR tensor xi=0 angular integral
500.0,1.5690341391009637,501.56903413910095,1.0,0,20260723,2.0943951023931953,2.125468088608417,0.5074181290291684,0.5,7.599088773175336e-08,7.550705585713362e-08,0.007418280527111985,exact GR tensor xi=0 angular integral
500.0,1.6022547736225252,501.6022547736225,1.0,0,20260723,2.0943951023931953,2.123914929161016,0.5070473395239727,0.5,7.599088773175336e-08,7.549469893266843e-08,0.007047491009559386,exact GR tensor xi=0 angular integral
500.0,1.6361787775166918,501.6361787775167,1.0,0,20260723,2.0943951023931953,2.1226884394081202,0.5067545366637353,0.5,7.599088773175336e-08,7.548412122518476e-08,0.00675468813874429,exact GR tensor xi=0 angular integral
500.0,1.6708210429877046,501.6708210429877,1.0,0,20260723,2.0943951023931953,2.121761330761579,0.5065332057779148,0.5,7.599088773175336e-08,7.547551025927697e-08,0.006533357244312879,exact GR tensor xi=0 angular integral
500.0,1.7061967775474594,501.70619677754746,1.0,0,20260723,2.0943951023931953,2.121063388980344,0.506366584451204,0.5,7.599088773175336e-08,7.546864684500032e-08,0.006366735910738534,exact GR tensor xi=0 angular integral
500.0,1.7423215106914063,501.7423215106914,1.0,0,20260723,2.0943951023931953,2.1204931355528704,0.5062304464735078,0.5,7.599088773175336e-08,7.546288782064698e-08,0.006230597927283321,exact GR tensor xi=0 angular integral
500.0,1.7792111007158142,501.7792111007158,1.0,0,20260723,2.0943951023931953,2.119936239499451,0.5060974973339727,0.5,7.599088773175336e-08,7.545723996040356e-08,0.006097648782100346,exact GR tensor xi=0 angular integral
500.0,1.8168817416793388,501.81688174167937,1.0,0,20260723,2.0943951023931953,2.1192876679519324,0.5059426622823681,0.5,7.599088773175336e-08,7.545052975958956e-08,0.005942813723785628,exact GR tensor xi=0 angular integral
500.0,1.855349970512022,501.855349970512,1.0,0,20260723,2.0943951023931953,2.1184732871156626,0.5057482431788907,0.5,7.599088773175336e-08,7.544165041594447e-08,0.00574839461142889,exact GR tensor xi=0 angular integral
500.0,1.894632674274788,501.89463267427476,1.0,0,20260723,2.0943951023931953,2.1174660866636787,0.5055077917829642,0.5,7.599088773175336e-08,7.542984114881622e-08,0.005507943203693087,exact GR tensor xi=0 angular integral
500.0,1.9347470975726455,501.93474709757265,1.0,0,20260723,2.0943951023931953,2.116292719735078,0.5052276710628432,0.5,7.599088773175336e-08,7.541493182937188e-08,0.005227822468662772,exact GR tensor xi=0 angular integral
500.0,1.9757108501248628,501.97571085012487,1.0,0,20260723,2.0943951023931953,2.115027756942493,0.5049256834409424,0.5,7.599088773175336e-08,7.539747619946779e-08,0.004925834829306345,exact GR tensor xi=0 angular integral
500.0,2.0175419144953866,502.0175419144954,1.0,0,20260723,2.0943951023931953,2.1137757818908898,0.5046267964138067,0.5,7.599088773175336e-08,7.537870772997252e-08,0.004626947783402176,exact GR tensor xi=0 angular integral
500.0,2.060258653986974,502.060258653987,1.0,0,20260723,2.0943951023931953,2.1126446974919637,0.504356769904092,0.5,7.599088773175336e-08,7.536028781806187e-08,0.004356921255267541,exact GR tensor xi=0 angular integral
500.0,2.103879820702439,502.10387982070245,1.0,0,20260723,2.0943951023931953,2.1117165504171815,0.5041351911117902,0.5,7.599088773175336e-08,7.534387396641092e-08,0.00413534244655192,exact GR tensor xi=0 angular integral
500.0,2.148424563776603,502.1484245637766,1.0,0,20260723,2.0943951023931953,2.111023851347393,0.5039698213902422,0.5,7.599088773175336e-08,7.533060383178163e-08,0.003969972711733705,exact GR tensor xi=0 angular integral
500.0,2.193912437782495,502.1939124377825,1.0,0,20260723,2.0943951023931953,2.110538932461884,0.5038540555338011,0.5,7.599088773175336e-08,7.53206483389439e-08,0.003854206845337168,exact GR tensor xi=0 angular integral
500.0,2.2403634113155766,502.24036341131557,1.0,0,20260723,2.0943951023931953,2.1101809627741934,0.5037685965658916,0.5,7.599088773175336e-08,7.531300716474056e-08,0.0037687478697864523,exact GR tensor xi=0 angular integral
500.0,2.287797875759696,502.2877978757597,1.0,0,20260723,2.0943951023931953,2.1098402147101094,0.5036872489577696,0.5,7.599088773175336e-08,7.530568024038622e-08,0.003687400254337588,exact GR tensor xi=0 angular integral
500.0,2.336236654238639,502.33623665423863,1.0,0,20260723,2.0943951023931953,2.109413295598906,0.5035853295274969,0.5,7.599088773175336e-08,7.529624239264144e-08,0.0035854808146270106,exact GR tensor xi=0 angular integral
500.0,2.3857010107572343,502.38570101075726,1.0,0,20260723,2.0943951023931953,2.1088382698589094,0.5034480522441087,0.5,7.599088773175336e-08,7.528269405307277e-08,0.003448203517690542,exact GR tensor xi=0 angular integral
500.0,2.436212659535953,502.43621265953595,1.0,0,20260723,2.0943951023931953,2.1081169911493562,0.5032758596361502,0.5,7.599088773175336e-08,7.526430854150242e-08,0.0032760108913465,exact GR tensor xi=0 angular integral
500.0,2.487793774543188,502.4877937745432,1.0,0,20260723,2.0943951023931953,2.1073149507303377,0.5030843865902808,0.5,7.599088773175336e-08,7.524211623820091e-08,0.0030845378232847546,exact GR tensor xi=0 angular integral
500.0,2.540466999229345,502.54046699922935,1.0,0,20260723,2.0943951023931953,2.1065364194566754,0.5028985259394483,0.5,7.599088773175336e-08,7.52187243328828e-08,0.002898677149060371,exact GR tensor xi=0 angular integral
500.0,2.5942554564670157,502.594255456467,1.0,0,20260723,2.0943951023931953,2.1058825138508293,0.5027424174752194,0.5,7.599088773175336e-08,7.519739333180642e-08,0.0027425686635005097,exact GR tensor xi=0 angular integral
500.0,2.64918275870165,502.64918275870167,1.0,0,20260723,2.0943951023931953,2.1054082547547086,0.5026291964560385,0.5,7.599088773175336e-08,7.518062896632601e-08,0.002629347627555188,exact GR tensor xi=0 angular integral
500.0,2.705273018317083,502.7052730183171,1.0,0,20260723,2.0943951023931953,2.1050974766378268,0.5025550036457788,0.5,7.599088773175336e-08,7.51688672978738e-08,0.002555154805533854,exact GR tensor xi=0 angular integral
500.0,2.7625508582205844,502.7625508582206,1.0,0,20260723,2.0943951023931953,2.1048688911484286,0.5025004328799435,0.5,7.599088773175336e-08,7.515994977330035e-08,0.002500584030781051,exact GR tensor xi=0 angular integral
500.0,2.8210414226519926,502.821041422652,1.0,0,20260723,2.0943951023931953,2.104613476852957,0.5024394572084526,0.5,7.599088773175336e-08,7.514985811087476e-08,0.0024396083491984638,exact GR tensor xi=0 angular integral
500.0,2.8807703882217326,502.8807703882217,1.0,0,20260723,2.0943951023931953,2.104247646025401,0.5023521215316412,0.5,7.599088773175336e-08,7.513460487465522e-08,0.0023522726571338737,exact GR tensor xi=0 angular integral
500.0,2.9417639751824898,502.9417639751825,1.0,0,20260723,2.0943951023931953,2.1037561688321116,0.5022347899945477,0.5,7.599088773175336e-08,7.511246943532816e-08,0.0022349410979049193,exact GR tensor xi=0 angular integral
500.0,3.0040489589395865,503.00404895893956,1.0,0,20260723,2.0943951023931953,2.1032007117398717,0.5021021843816896,0.5,7.599088773175336e-08,7.508532594872404e-08,0.002102335457903344,exact GR tensor xi=0 angular integral
500.0,3.067652681805038,503.06765268180504,1.0,0,20260723,2.0943951023931953,2.1026858946388023,0.5019792808520545,0.5,7.599088773175336e-08,7.505802262003324e-08,0.001979431900964839,exact GR tensor xi=0 angular integral
500.0,3.132603065000471,503.13260306500047,1.0,0,20260723,2.0943951023931953,2.102298636634551,0.5018868298136118,0.5,7.599088773175336e-08,7.503574928716988e-08,0.0018869808402488383,exact GR tensor xi=0 angular integral
500.0,3.1989286209142085,503.1989286209142,1.0,0,20260723,2.0943951023931953,2.1020551104234166,0.5018286922132,0.5,7.599088773175336e-08,7.502067981818112e-08,0.0018288432247676285,exact GR tensor xi=0 angular integral
500.0,3.266658465617808,503.2666584656178,1.0,0,20260723,2.0943951023931953,2.101889539857093,0.5017891651521087,0.5,7.599088773175336e-08,7.501005409117468e-08,0.001789316153050524,exact GR tensor xi=0 angular integral
500.0,3.335822331647667,503.33582233164765,1.0,0,20260723,2.0943951023931953,2.101696095288593,0.501742983663172,0.5,7.599088773175336e-08,7.499742454425367e-08,0.0017431346514843956,exact GR tensor xi=0 angular integral
500.0,3.406450581057223,503.40645058105724,1.0,0,20260723,2.0943951023931953,2.101400142358777,0.501672330105618,0.5,7.599088773175336e-08,7.497687403622834e-08,0.0016724810733797003,exact GR tensor xi=0 angular integral
500.0,3.4785742187454978,503.4785742187455,1.0,0,20260723,2.0943951023931953,2.1010108792741025,0.5015794003894842,0.5,7.599088773175336e-08,7.494761170455303e-08,0.0015795513279836877,exact GR tensor xi=0 angular integral
500.0,3.552224906067882,503.55222490606786,1.0,0,20260723,2.0943951023931953,2.1006147775425394,0.5014848380666659,0.5,7.599088773175336e-08,7.491531476863256e-08,0.0014849889728684462,exact GR tensor xi=0 angular integral
500.0,3.6274349747350216,503.627434974735,1.0,0,20260723,2.0943951023931953,2.1003095685530666,0.5014119747876399,0.5,7.599088773175336e-08,7.488833427790918e-08,0.001412125666861887,exact GR tensor xi=0 angular integral
500.0,3.7042374410060552,503.70423744100606,1.0,0,20260723,2.0943951023931953,2.1001262327728223,0.5013682065941326,0.5,7.599088773175336e-08,7.487089053825686e-08,0.0013683574559108737,exact GR tensor xi=0 angular integral
500.0,3.7826660201823152,503.7826660201823,1.0,0,20260723,2.0943951023931953,2.100002688928586,0.5013387126738845,0.5,7.599088773175336e-08,7.485873107820999e-08,0.0013388635235034023,exact GR tensor xi=0 angular integral
500.0,3.862755141407944,503.86275514140794,1.0,0,20260723,2.0943951023931953,2.099836341955671,0.5012990002593728,0.5,7.599088773175336e-08,7.484189702044785e-08,0.0012991510921575241,exact GR tensor xi=0 angular integral
500.0,3.9445399627838023,503.9445399627838,1.0,0,20260723,2.0943951023931953,2.099575130026193,0.5012366405047163,0.5,7.599088773175336e-08,7.4813514127603e-08,0.001236791309118182,exact GR tensor xi=0 angular integral
500.0,4.028056386801459,504.02805638680144,1.0,0,20260723,2.0943951023931953,2.099265561555503,0.5011627364762127,0.5,7.599088773175336e-08,7.477706677153089e-08,0.0011628872441672355,exact GR tensor xi=0 angular integral
500.0,4.113341076103916,504.1133410761039,1.0,0,20260723,2.0943951023931953,2.09900773375561,0.5011011846229835,0.5,7.599088773175336e-08,7.474416900495967e-08,0.001101335358040293,exact GR tensor xi=0 angular integral
500.0,4.200431469580032,504.20043146958005,1.0,0,20260723,2.0943951023931953,2.0988548897438415,0.5010646958029911,0.5,7.599088773175336e-08,7.472313954633014e-08,0.0010648465170183714,exact GR tensor xi=0 angular integral
500.0,4.289365798799752,504.28936579879974,1.0,0,20260723,2.0943951023931953,2.098757744154289,0.5010415040018258,0.5,7.599088773175336e-08,7.470926113096007e-08,0.0010416547019746845,exact GR tensor xi=0 angular integral
500.0,4.380183104797224,504.3801831047972,1.0,0,20260723,2.0943951023931953,2.0986173484156723,0.501007986988141,0.5,7.599088773175336e-08,7.46885220969573e-08,0.0010081376675507665,exact GR tensor xi=0 angular integral
500.0,4.472923255209352,504.47292325520937,1.0,0,20260723,2.0943951023931953,2.098395560032108,0.500955038911794,0.5,7.599088773175336e-08,7.46532409372162e-08,0.0009551895559227677,exact GR tensor xi=0 angular integral
500.0,4.567626961777168,504.5676269617772,1.0,0,20260723,2.0943951023931953,2.0981588026673057,0.5008985172544115,0.5,7.599088773175336e-08,7.461245113954341e-08,0.0008986678577503434,exact GR tensor xi=0 angular integral
500.0,4.664335798217757,504.66433579821773,1.0,0,20260723,2.0943951023931953,2.0979972583275233,0.5008599513841041,0.5,7.599088773175336e-08,7.458234074316584e-08,0.0008601019573326259,exact GR tensor xi=0 angular integral
500.0,4.763092218474625,504.76309221847464,1.0,0,20260723,2.0943951023931953,2.097911686544128,0.5008395226256294,0.5,7.599088773175336e-08,7.456543500342366e-08,0.0008396731819521106,exact GR tensor xi=0 angular integral
500.0,4.863939575354384,504.8639395753544,1.0,0,20260723,2.0943951023931953,2.0978126463772337,0.5008158785274406,0.5,7.599088773175336e-08,7.454535919072808e-08,0.0008160290636874672,exact GR tensor xi=0 angular integral
500.0,4.966922139558114,504.9669221395581,1.0,0,20260723,2.0943951023931953,2.0976409768038105,0.5007748954356573,0.5,7.599088773175336e-08,7.4508067768853e-08,0.0007750459346129036,exact GR tensor xi=0 angular integral
500.0,5.072085119115625,505.0720851191156,1.0,0,20260723,2.0943951023931953,2.0974495452181903,0.5007291945109843,0.5,7.599088773175336e-08,7.44630709955283e-08,0.0007293449649430812,exact GR tensor xi=0 angular integral
500.0,5.179474679231202,505.1794746792312,1.0,0,20260723,2.0943951023931953,2.0973254902772984,0.5006995785753974,0.5,7.599088773175336e-08,7.443156162461907e-08,0.000699728997846758,exact GR tensor xi=0 angular integral
500.0,5.289137962549571,505.28913796254955,1.0,0,20260723,2.0943951023931953,2.0972592774628116,0.5006837714303151,0.5,7.599088773175336e-08,7.441387144964427e-08,0.0006839218350742811,exact GR tensor xi=0 angular integral
500.0,5.401123109850863,505.40112310985086,1.0,0,20260723,2.0943951023931953,2.097160376660385,0.500660160602942,0.5,7.599088773175336e-08,7.438645228895212e-08,0.0006603109802821207,exact GR tensor xi=0 angular integral
500.0,5.515479281183837,505.51547928118384,1.0,0,20260723,2.0943951023931953,2.097003092250536,0.500622611715994,0.5,7.599088773175336e-08,7.433945872237787e-08,0.000622762046340398,exact GR tensor xi=0 angular integral
500.0,5.632256677446498,505.6322566774465,1.0,0,20260723,2.0943951023931953,2.096867741359344,0.5005902990709163,0.5,7.599088773175336e-08,7.429573977945106e-08,0.000590449357543857,exact GR tensor xi=0 angular integral
500.0,5.751506562423688,505.7515065624237,1.0,0,20260723,2.0943951023931953,2.096800722351598,0.5005742994613704,0.5,7.599088773175336e-08,7.427256970095275e-08,0.0005744497248278855,exact GR tensor xi=0 angular integral
500.0,5.873281285291172,505.87328128529117,1.0,0,20260723,2.0943951023931953,2.0967326208591457,0.5005580414276369,0.5,7.599088773175336e-08,7.424827004720236e-08,0.0005581916667946917,exact GR tensor xi=0 angular integral
500.0,5.997634303596295,505.99763430359627,1.0,0,20260723,2.0943951023931953,2.096607575197138,0.5005281889748058,0.5,7.599088773175336e-08,7.420045767738864e-08,0.0005283391661511537,exact GR tensor xi=0 angular integral
500.0,6.124620206725158,506.1246202067252,1.0,0,20260723,2.0943951023931953,2.0964883549219633,0.5004997272306395,0.5,7.599088773175336e-08,7.41512216756813e-08,0.000499877372748899,exact GR tensor xi=0 angular integral
500.0,6.254294739866642,506.2542947398666,1.0,0,20260723,2.0943951023931953,2.096430256314324,0.5004858572097507,0.5,7.599088773175336e-08,7.412552257762178e-08,0.00048600732616101497,exact GR tensor xi=0 angular integral
500.0,6.386714828483889,506.3867148284839,1.0,0,20260723,2.0943951023931953,2.0963694190442057,0.5004713333813554,0.5,7.599088773175336e-08,7.409764834655014e-08,0.0004714834698914957,exact GR tensor xi=0 angular integral
500.0,6.5219386033037745,506.5219386033038,1.0,0,20260723,2.0943951023931953,2.0962591005144913,0.5004449967723774,0.5,7.599088773175336e-08,7.404341359165787e-08,0.0004451468066787486,exact GR tensor xi=0 angular integral
500.0,6.660025425835605,506.6600254258356,1.0,0,20260723,2.0943951023931953,2.0961691465557903,0.5004235218466105,0.5,7.599088773175336e-08,7.399570814509546e-08,0.00042367183320647796,exact GR tensor xi=0 angular integral
500.0,6.801035914430051,506.80103591443003,1.0,0,20260723,2.0943951023931953,2.0961269595063277,0.5004134504304258,0.5,7.599088773175336e-08,7.397199544490665e-08,0.000413600393309015,exact GR tensor xi=0 angular integral
500.0,6.945031970889811,506.94503197088983,1.0,0,20260723,2.0943951023931953,2.096056357793076,0.5003965955129437,0.5,7.599088773175336e-08,7.393042723035037e-08,0.00039674543425867524,exact GR tensor xi=0 angular integral
500.0,7.092076807643771,507.09207680764376,1.0,0,20260723,2.0943951023931953,2.095960353969276,0.5003736762882735,0.5,7.599088773175336e-08,7.386955268969624e-08,0.0003738261487138641,exact GR tensor xi=0 angular integral
500.0,7.242234975496368,507.2422349754964,1.0,0,20260723,2.0943951023931953,2.095910057917275,0.5003616689903325,0.5,7.599088773175336e-08,7.383530513003154e-08,0.00036181881652540374,exact GR tensor xi=0 angular integral
500.0,7.395572391964624,507.3955723919646,1.0,0,20260723,2.0943951023931953,2.0958645550383896,0.5003508059781833,0.5,7.599088773175336e-08,7.380300149923561e-08,0.0003509557720724496,exact GR tensor xi=0 angular integral
500.0,7.552156370215065,507.5521563702151,1.0,0,20260723,2.0943951023931953,2.0957807523357403,0.5003307995566266,0.5,7.599088773175336e-08,7.373924201684903e-08,0.00033094928675634705,exact GR tensor xi=0 angular integral
500.0,7.712055648613401,507.7120556486134,1.0,0,20260723,2.0943951023931953,2.0957261196119092,0.5003177569545482,0.5,7.599088773175336e-08,7.369454340447784e-08,0.00031790663997936986,exact GR tensor xi=0 angular integral
500.0,7.8753404208997,507.8753404208997,1.0,0,20260723,2.0943951023931953,2.095690513684516,0.5003092566655262,0.5,7.599088773175336e-08,7.366400314544427e-08,0.00030940632041705744,exact GR tensor xi=0 angular integral
500.0,8.042082367002605,508.0420823670026,1.0,0,20260723,2.0943951023931953,2.095618752426075,0.5002921249270211,0.5,7.599088773175336e-08,7.359830799763602e-08,0.00029227451621687467,exact GR tensor xi=0 angular integral
500.0,8.212354684505888,508.2123546845059,1.0,0,20260723,2.0943951023931953,2.0955691926452764,0.5002802934008821,0.5,7.599088773175336e-08,7.354956441309118e-08,0.00028044294133430195,exact GR tensor xi=0 angular integral
500.0,8.386232120781239,508.38623212078124,1.0,0,20260723,2.0943951023931953,2.095536611024146,0.5002725151117968,0.5,7.599088773175336e-08,7.351589756920266e-08,0.0002726646185821606,exact GR tensor xi=0 angular integral
500.0,8.563791005801475,508.5637910058015,1.0,0,20260723,2.0943951023931953,2.0954723027322486,0.5002571626379909,0.5,7.599088773175336e-08,7.344493094298697e-08,0.000257312073809632,exact GR tensor xi=0 angular integral
500.0,8.745109285648324,508.7451092856483,1.0,0,20260723,2.0943951023931953,2.0954344371609936,0.5002481228987335,0.5,7.599088773175336e-08,7.340013518414271e-08,0.000248272289756498,exact GR tensor xi=0 angular integral
500.0,8.93026655672982,508.9302665567298,1.0,0,20260723,2.0943951023931953,2.095399149871367,0.500239698678875,0.5,7.599088773175336e-08,7.335625349482973e-08,0.00023984802601621232,exact GR tensor xi=0 angular integral
500.0,9.119344100722095,509.1193441007221,1.0,0,20260723,2.0943951023931953,2.0953430401588524,0.5002263034717217,0.5,7.599088773175336e-08,7.328154445961485e-08,0.00022645274415386066,exact GR tensor xi=0 angular integral
500.0,9.312424920250985,509.312424920251,1.0,0,20260723,2.0943951023931953,2.095317640309849,0.5002202397044376,0.5,7.599088773175336e-08,7.324549496321699e-08,0.00022038894082030268,exact GR tensor xi=0 angular integral
500.0,9.509593775329181,509.50959377532917,1.0,0,20260723,2.0943951023931953,2.0952735585768334,0.5002097159658735,0.5,7.599088773175336e-08,7.317936505774481e-08,0.00020986513612626233,exact GR tensor xi=0 angular integral
500.0,9.710937220564695,509.7109372205647,1.0,0,20260723,2.0943951023931953,2.095235073073567,0.5002005282287502,0.5,7.599088773175336e-08,7.311755454596067e-08,0.00020067733719249435,exact GR tensor xi=0 angular integral
500.0,9.916543643157295,509.9165436431573,1.0,0,20260723,2.0943951023931953,2.0952093321589547,0.5001943830380498,0.5,7.599088773175336e-08,7.307386288307593e-08,0.0001945321028003687,exact GR tensor xi=0 angular integral
500.0,10.126503301699316,510.1265033016993,1.0,0,20260723,2.0943951023931953,2.0951643980117174,0.5001836558005801,0.5,7.599088773175336e-08,7.299246163065788e-08,0.00018380478392949465,exact GR tensor xi=0 angular integral
500.0,10.34090836579811,510.3409083657981,1.0,0,20260723,2.0943951023931953,2.095143858689502,0.5001787523985926,0.5,7.599088773175336e-08,7.29528658703988e-08,0.0001789013423461231,exact GR tensor xi=0 angular integral
500.0,10.559852956537213,510.5598529565372,1.0,0,20260723,2.0943951023931953,2.0951044368413547,0.5001693411255949,0.5,7.599088773175336e-08,7.287221234683673e-08,0.0001694899886949342,exact GR tensor xi=0 angular integral
500.0,10.783433187794362,510.78343318779434,1.0,0,20260723,2.0943951023931953,2.095080885415011,0.5001637186367157,0.5,7.599088773175336e-08,7.282081208117569e-08,0.00016386744841560393,exact GR tensor xi=0 angular integral
500.0,11.011747208434254,511.01174720843426,1.0,0,20260723,2.0943951023931953,2.095050044420512,0.5001563558916291,0.5,7.599088773175336e-08,7.274946626528022e-08,0.00015650463198317233,exact GR tensor xi=0 angular integral
500.0,11.24489524539462,511.2448952453946,1.0,0,20260723,2.0943951023931953,2.095023525393505,0.5001500249402779,0.5,7.599088773175336e-08,7.268406765589805e-08,0.00015017361523336867,exact GR tensor xi=0 angular integral
500.0,11.482979647684648,511.48297964768466,1.0,0,20260723,2.0943951023931953,2.094998872722389,0.5001441395485751,0.5,7.599088773175336e-08,7.261954028457894e-08,0.00014428815900304455,exact GR tensor xi=0 angular integral
500.0,11.726104931314767,511.72610493131475,1.0,0,20260723,2.0943951023931953,2.0949720572951485,0.5001377378368804,0.5,7.599088773175336e-08,7.254481965140252e-08,0.0001378863725878445,exact GR tensor xi=0 angular integral
500.0,11.974377825177926,511.97437782517795,1.0,0,20260723,2.0943951023931953,2.0949506364021544,0.5001326239753723,0.5,7.599088773175336e-08,7.248137665164263e-08,0.0001327724476367549,exact GR tensor xi=0 angular integral
500.0,12.227907317902197,512.2279073179022,1.0,0,20260723,2.0943951023931953,2.094925745000984,0.5001266815910671,0.5,7.599088773175336e-08,7.24030001568006e-08,0.00012682998495504723,exact GR tensor xi=0 angular integral
500.0,12.48680470569535,512.4868047056954,1.0,0,20260723,2.0943951023931953,2.0949053907229374,0.5001218223651208,0.5,7.599088773175336e-08,7.233479945051385e-08,0.00012197069080797492,exact GR tensor xi=0 angular integral
500.0,12.751183641202584,512.7511836412026,1.0,0,20260723,2.0943951023931953,2.0948839552020178,0.5001167050114527,0.5,7.599088773175336e-08,7.225854061896621e-08,0.00011685326088096397,exact GR tensor xi=0 angular integral
500.0,13.021160183398424,513.0211601833985,1.0,0,20260723,2.0943951023931953,2.0948630714459053,0.5001117193819292,0.5,7.599088773175336e-08,7.217939984567107e-08,0.00011186755221685482,exact GR tensor xi=0 angular integral
500.0,13.296852848535238,513.2968528485352,1.0,0,20260723,2.0943951023931953,2.094846060681761,0.5001076583611302,0.5,7.599088773175336e-08,7.211103231158444e-08,0.00010780646305035808,exact GR tensor xi=0 angular integral
500.0,13.578382662170318,513.5783826621703,1.0,0,20260723,2.0943951023931953,2.0948239872072034,0.5001023887072497,0.5,7.599088773175336e-08,7.201649486906227e-08,0.00010253671463223481,exact GR tensor xi=0 angular integral
500.0,13.865873212294543,513.8658732122946,1.0,0,20260723,2.0943951023931953,2.0948107427255773,0.5000992268201705,0.5,7.599088773175336e-08,7.195629308109826e-08,9.937476735131117e-05,exact GR tensor xi=0 angular integral
500.0,14.159450703586025,514.159450703586,1.0,0,20260723,2.0943951023931953,2.0947893730297302,0.5000941251810808,0.5,7.599088773175336e-08,7.185299264557647e-08,9.42730249611992e-05,exact GR tensor xi=0 angular integral
500.0,14.459244012812185,514.4592440128122,1.0,0,20260723,2.0943951023931953,2.0947761364129613,0.5000909651715979,0.5,7.599088773175336e-08,7.178480017181356e-08,9.11129472858302e-05,exact GR tensor xi=0 angular integral
500.0,14.765384745405132,514.7653847454052,1.0,0,20260723,2.0943951023931953,2.0947598682172246,0.5000870814259479,0.5,7.599088773175336e-08,7.169613677770801e-08,8.722911297252184e-05,exact GR tensor xi=0 angular integral
500.0,15.078007293234688,515.0780072932347,1.0,0,20260723,2.0943951023931953,2.094742977239973,0.500083049002163,0.5,7.599088773175336e-08,7.159781612928277e-08,8.319659086689379e-05,exact GR tensor xi=0 angular integral
500.0,15.397248893604838,515.3972488936048,1.0,0,20260723,2.0943951023931953,2.0947318152178793,0.5000803842656764,0.5,7.599088773175336e-08,7.15289386844351e-08,8.053178550274899e-05,exact GR tensor xi=0 angular integral
500.0,15.72324968949896,515.723249689499,1.0,0,20260723,2.0943951023931953,2.094715836060443,0.5000765695228377,0.5,7.599088773175336e-08,7.142430122022312e-08,7.671693802673912e-05,exact GR tensor xi=0 angular integral
500.0,16.056152791100942,516.0561527911009,1.0,0,20260723,2.0943951023931953,2.0947021721977626,0.5000733075159067,0.5,7.599088773175336e-08,7.132867763818661e-08,7.345483547214265e-05,exact GR tensor xi=0 angular integral
500.0,16.396104338618667,516.3961043386187,1.0,0,20260723,2.0943951023931953,2.094691883707861,0.5000708513198696,0.5,7.599088773175336e-08,7.12525141279271e-08,7.099856327147512e-05,exact GR tensor xi=0 angular integral
500.0,16.74325356643769,516.7432535664377,1.0,0,20260723,2.0943951023931953,2.0946782359001066,0.5000675931457699,0.5,7.599088773175336e-08,7.114530290836334e-08,6.774028196057647e-05,exact GR tensor xi=0 angular integral
500.0,17.097752868633354,517.0977528686334,1.0,0,20260723,2.0943951023931953,2.094665508109281,0.500064554609533,0.5,7.599088773175336e-08,7.103841551038616e-08,6.470163883627941e-05,exact GR tensor xi=0 angular integral
500.0,17.45975786586962,517.4597578658696,1.0,0,20260723,2.0943951023931953,2.094656107210879,0.5000623103103577,0.5,7.599088773175336e-08,7.095462625695189e-08,6.245725587170534e-05,exact GR tensor xi=0 angular integral
500.0,17.82942747371471,517.8294274737148,1.0,0,20260723,2.0943951023931953,2.0946457577167057,0.5000598395506235,0.5,7.599088773175336e-08,7.085722839297963e-08,5.99863987396617e-05,exact GR tensor xi=0 angular integral
500.0,18.206923972402972,518.2069239724029,1.0,0,20260723,2.0943951023931953,2.094634005586144,0.5000570339361173,0.5,7.599088773175336e-08,7.073929690525004e-08,5.718066630201297e-05,exact GR tensor xi=0 angular integral
500.0,18.592413078073783,518.5924130780738,1.0,0,20260723,2.0943951023931953,2.0946237914330896,0.5000545954866952,0.5,7.599088773175336e-08,7.062981563789855e-08,5.474210739856821e-05,exact GR tensor xi=0 angular integral
500.0,18.986064015518966,518.986064015519,1.0,0,20260723,2.0943951023931953,2.0946154097756167,0.500052594513368,0.5,7.599088773175336e-08,7.053452344476024e-08,5.274103877923753e-05,exact GR tensor xi=0 angular integral
500.0,19.388049592470104,519.3880495924701,1.0,0,20260723,2.0943951023931953,2.094607046812711,0.50005059800304,0.5,7.599088773175336e-08,7.043414761928525e-08,5.074442807537295e-05,exact GR tensor xi=0 angular integral
500.0,19.79854627545905,519.7985462754591,1.0,0,20260723,2.0943951023931953,2.0945979698678823,0.5000484310420835,0.5,7.599088773175336e-08,7.031848333538497e-08,4.8577351454621935e-05,exact GR tensor xi=0 angular integral
500.0,20.21773426728442,520.2177342672844,1.0,0,20260723,2.0943951023931953,2.0945888695173447,0.5000462584934257,0.5,7.599088773175336e-08,7.019481195389113e-08,4.6404679125380794e-05,exact GR tensor xi=0 angular integral
500.0,20.645797586118487,520.6457975861185,1.0,0,20260723,2.0943951023931953,2.0945804878782397,0.5000442575244834,0.5,7.599088773175336e-08,7.007331480611264e-08,4.440358868607043e-05,exact GR tensor xi=0 angular integral
500.0,21.082924146288537,521.0829241462885,1.0,0,20260723,2.0943951023931953,2.0945729386596206,0.5000424552812939,0.5,7.599088773175336e-08,6.995690270286267e-08,4.260122908429249e-05,exact GR tensor xi=0 angular integral
500.0,21.529305840769048,521.5293058407691,1.0,0,20260723,2.0943951023931953,2.0945659471785834,0.500040786188144,0.5,7.599088773175336e-08,6.984257377530191e-08,4.093202160550248e-05,exact GR tensor xi=0 angular integral
500.0,21.9851386254202,521.9851386254202,1.0,0,20260723,2.0943951023931953,2.094559241280207,0.5000391852728323,0.5,7.599088773175336e-08,6.97264481062873e-08,3.9330990168221e-05,exact GR tensor xi=0 angular integral
500.0,22.45062260500994,522.4506226050099,1.0,0,20260723,2.0943951023931953,2.094552700170274,0.5000376236978635,0.5,7.599088773175336e-08,6.960645000415761e-08,3.7769295201319326e-05,exact GR tensor xi=0 angular integral
500.0,22.925962121057623,522.9259621210576,1.0,0,20260723,2.0943951023931953,2.0945463176129375,0.500036099974539,0.5,7.599088773175336e-08,6.948228773803762e-08,3.624544771454862e-05,exact GR tensor xi=0 angular integral
500.0,23.411365841537034,523.4113658415371,1.0,0,20260723,2.0943951023931953,2.094540126420954,0.5000346219363273,0.5,7.599088773175336e-08,6.935447323767818e-08,3.4767281688236675e-05,exact GR tensor xi=0 angular integral
500.0,23.907046852479162,523.9070468524792,1.0,0,20260723,2.0943951023931953,2.0945341522410725,0.5000331957059387,0.5,7.599088773175336e-08,6.922352828127313e-08,3.334092035475426e-05,exact GR tensor xi=0 angular integral
500.0,24.413222751514176,524.4132227515141,1.0,0,20260723,2.0943951023931953,2.094528398679047,0.5000318221441836,0.5,7.599088773175336e-08,6.908960357218278e-08,3.196722467495972e-05,exact GR tensor xi=0 angular integral
500.0,24.930115743393976,524.930115743394,1.0,0,20260723,2.0943951023931953,2.0945228485733898,0.5000304971540586,0.5,7.599088773175336e-08,6.89523722797805e-08,3.0642097318616045e-05,exact GR tensor xi=0 angular integral
500.0,25.457952737537436,525.4579527375374,1.0,0,20260723,2.0943951023931953,2.094517473735235,0.5000292140059676,0.5,7.599088773175336e-08,6.88111386344359e-08,2.9358807993941993e-05,exact GR tensor xi=0 angular integral
500.0,25.996965447640427,525.9969654476404,1.0,0,20260723,2.0943951023931953,2.0945122558359976,0.5000279683242833,0.5,7.599088773175336e-08,6.866533674792187e-08,2.8112980507806303e-05,exact GR tensor xi=0 angular integral
500.0,26.547390493395376,526.5473904933954,1.0,0,20260723,2.0943951023931953,2.094507220878545,0.500026766316733,0.5,7.599088773175336e-08,6.851564930665158e-08,2.691082327010363e-05,exact GR tensor xi=0 angular integral
500.0,27.109469504364196,527.1094695043641,1.0,0,20260723,2.0943951023931953,2.0945024658658498,0.5000256311410707,0.5,7.599088773175336e-08,6.836527492330211e-08,2.5775497233425915e-05,exact GR tensor xi=0 angular integral
500.0,27.68344922605077,527.6834492260508,1.0,0,20260723,2.0943951023931953,2.0944981132297738,0.5000245920257502,0.5,7.599088773175336e-08,6.821909768950032e-08,2.4736235735687113e-05,exact GR tensor xi=0 angular integral
500.0,28.269581628218766,528.2695816282188,1.0,0,20260723,2.0943951023931953,2.094494142441177,0.5000236440698006,0.5,7.599088773175336e-08,6.807791623483338e-08,2.3788138604597065e-05,exact GR tensor xi=0 angular integral
500.0,28.86812401550335,528.8681240155033,1.0,0,20260723,2.0943951023931953,2.0944902507001166,0.50002271498506,0.5,7.599088773175336e-08,6.793159962068235e-08,2.285890754738113e-05,exact GR tensor xi=0 angular integral
500.0,29.479339140364598,529.4793391403646,1.0,0,20260723,2.0943951023931953,2.0944861339820986,0.5000217321910272,0.5,7.599088773175336e-08,6.776731002637044e-08,2.1875949224929354e-05,exact GR tensor xi=0 angular integral
500.0,30.103495318432376,530.1034953184324,1.0,0,20260723,2.0943951023931953,2.094482089724568,0.5000207666956615,0.5,7.599088773175336e-08,6.759543350457444e-08,2.0910281982846478e-05,exact GR tensor xi=0 angular integral
500.0,30.74086654629374,530.7408665462938,1.0,0,20260723,2.0943951023931953,2.094478685505884,0.5000199539983151,0.5,7.599088773175336e-08,6.744177794453295e-08,2.0097430980835713e-05,exact GR tensor xi=0 angular integral
500.0,31.391732621773578,531.3917326217736,1.0,0,20260723,2.0943951023931953,2.094475455595288,0.5000191829139594,0.5,7.599088773175336e-08,6.728767768876558e-08,1.9326192524826625e-05,exact GR tensor xi=0 angular integral
500.0,32.05637926676249,532.0563792667625,1.0,0,20260723,2.0943951023931953,2.094471817177544,0.500018314305706,0.5,7.599088773175336e-08,6.710331103074648e-08,1.845739990470745e-05,exact GR tensor xi=0 angular integral
500.0,32.735098252645024,532.735098252645,1.0,0,20260723,2.0943951023931953,2.094468731439415,0.5000175776399914,0.5,7.599088773175336e-08,6.693709005518553e-08,1.772056796927815e-05,exact GR tensor xi=0 angular integral
500.0,33.428187528383496,533.4281875283835,1.0,0,20260723,2.0943951023931953,2.0944658512880845,0.5000168900545099,0.5,7.599088773175336e-08,6.677293248034937e-08,1.7032818330056488e-05,exact GR tensor xi=0 angular integral
500.0,34.135951351314056,534.135951351314,1.0,0,20260723,2.0943951023931953,2.094462638920229,0.5000161231581751,0.5,7.599088773175336e-08,6.657846997247037e-08,1.6265727532804584e-05,exact GR tensor xi=0 angular integral
500.0,34.85870042071136,534.8587004207113,1.0,0,20260723,2.0943951023931953,2.094460141156916,0.5000155268611082,0.5,7.599088773175336e-08,6.641813202684336e-08,1.5669270127938025e-05,exact GR tensor xi=0 angular integral
500.0,35.59675201418184,535.5967520141818,1.0,0,20260723,2.0943951023931953,2.0944571764849313,0.5000148190978067,0.5,7.599088773175336e-08,6.621633657564742e-08,1.496130503101534e-05,exact GR tensor xi=0 angular integral
500.0,36.3504301269445,536.3504301269445,1.0,0,20260723,2.0943951023931953,2.094454857223573,0.5000142654149423,0.5,7.599088773175336e-08,6.604890841684701e-08,1.4407454738445354e-05,exact GR tensor xi=0 angular integral
500.0,37.12006561406054,537.1200656140605,1.0,0,20260723,2.0943951023931953,2.0944521374683482,0.5000136161212103,0.5,7.599088773175336e-08,6.584071650695121e-08,1.3757952814504403e-05,exact GR tensor xi=0 angular integral
500.0,37.90599633567484,537.9059963356749,1.0,0,20260723,2.0943951023931953,2.094449999298193,0.5000131056706862,0.5,7.599088773175336e-08,6.566715302039416e-08,1.3247328727002477e-05,exact GR tensor xi=0 angular integral
500.0,38.70856730533178,538.7085673053318,1.0,0,20260723,2.0943951023931953,2.094447565536244,0.5000125246528194,0.5,7.599088773175336e-08,6.545786672072842e-08,1.2666101573897746e-05,exact GR tensor xi=0 angular integral
500.0,39.5281308414321,539.5281308414321,1.0,0,20260723,2.0943951023931953,2.0944454056826856,0.5000120090257643,0.5,7.599088773175336e-08,6.526061521691607e-08,1.2150277267160488e-05,exact GR tensor xi=0 angular integral
500.0,40.36504672189597,540.365046721896,1.0,0,20260723,2.0943951023931953,2.094443447447191,0.5000115415314762,0.5,7.599088773175336e-08,6.507144951403593e-08,1.1682593813482362e-05,exact GR tensor xi=0 angular integral
500.0,41.21968234210129,541.2196823421012,1.0,0,20260723,2.0943951023931953,2.094441314920107,0.5000110324281362,0.5,7.599088773175336e-08,6.485308176246818e-08,1.1173272105658321e-05,exact GR tensor xi=0 angular integral
500.0,42.09241287616502,542.092412876165,1.0,0,20260723,2.0943951023931953,2.094439349510031,0.500010563221043,0.5,7.599088773175336e-08,6.463926104367444e-08,1.0703851191816781e-05,exact GR tensor xi=0 angular integral
500.0,42.9836214416402,542.9836214416403,1.0,0,20260723,2.0943951023931953,2.0944376013810713,0.5000101458859953,0.5,7.599088773175336e-08,6.443785493304332e-08,1.028631473803473e-05,exact GR tensor xi=0 angular integral
500.0,43.89369926769954,543.8936992676995,1.0,0,20260723,2.0943951023931953,2.094435891259156,0.5000097376244612,0.5,7.599088773175336e-08,6.422960666648357e-08,9.87784495567944e-06,exact GR tensor xi=0 angular integral
500.0,44.823045866879944,544.82304586688,1.0,0,20260723,2.0943951023931953,2.094434180230529,0.5000093291464655,0.5,7.599088773175336e-08,6.400898962120311e-08,9.46914634281553e-06,exact GR tensor xi=0 angular integral
500.0,45.772069210463805,545.7720692104638,1.0,0,20260723,2.0943951023931953,2.0944325179756698,0.5000089323123492,0.5,7.599088773175336e-08,6.378172359923486e-08,9.072084960541924e-06,exact GR tensor xi=0 angular integral
500.0,46.74118590757258,546.7411859075726,1.0,0,20260723,2.0943951023931953,2.094430935277032,0.5000085544708818,0.5,7.599088773175336e-08,6.355225407089562e-08,8.694014023560845e-06,exact GR tensor xi=0 angular integral
500.0,47.7308213880533,547.7308213880533,1.0,0,20260723,2.0943951023931953,2.0944294344388497,0.5000081961721585,0.5,7.599088773175336e-08,6.332163307750748e-08,8.335484679407329e-06,exact GR tensor xi=0 angular integral
500.0,48.7414100892367,548.7414100892368,1.0,0,20260723,2.0943951023931953,2.094428009999476,0.5000078561123074,0.5,7.599088773175336e-08,6.308981756733632e-08,7.995193012744854e-06,exact GR tensor xi=0 angular integral
500.0,49.77339564664957,549.7733956466495,1.0,0,20260723,2.0943951023931953,2.094426657154826,0.5000075331444375,0.5,7.599088773175336e-08,6.285680511333261e-08,7.671992130295279e-06,exact GR tensor xi=0 angular integral
500.0,50.82723108876549,550.8272310887655,1.0,0,20260723,2.0943951023931953,2.0944253648705504,0.5000072246342919,0.5,7.599088773175336e-08,6.26213595903576e-08,7.363246539237283e-06,exact GR tensor xi=0 angular integral
500.0,51.903379035877926,551.903379035878,1.0,0,20260723,2.0943951023931953,2.0944241044425644,0.5000069237292754,0.5,7.599088773175336e-08,6.237838068043113e-08,7.062098543762145e-06,exact GR tensor xi=0 angular integral
500.0,53.00231190318505,553.002311903185,1.0,0,20260723,2.0943951023931953,2.094422849626838,0.500006624164087,0.5,7.599088773175336e-08,6.212205552236526e-08,6.762277030272795e-06,exact GR tensor xi=0 angular integral
500.0,54.12451210817374,554.1245121081737,1.0,0,20260723,2.0943951023931953,2.094421649544709,0.5000063376655827,0.5,7.599088773175336e-08,6.186206753505984e-08,6.4755185379951814e-06,exact GR tensor xi=0 angular integral
500.0,55.27047228239515,555.2704722823952,1.0,0,20260723,2.0943951023931953,2.0944205852843694,0.5000060835921419,0.5,7.599088773175336e-08,6.16180859006183e-08,6.221201115612183e-06,exact GR tensor xi=0 angular integral
500.0,56.440695487723,556.440695487723,1.0,0,20260723,2.0943951023931953,2.094419531679296,0.5000058320624587,0.5,7.599088773175336e-08,6.13628997626609e-08,5.969416246306696e-06,exact GR tensor xi=0 angular integral
500.0,57.63569543719175,557.6356954371918,1.0,0,20260723,2.0943951023931953,2.094418451031739,0.5000055740768581,0.5,7.599088773175336e-08,6.108561815079291e-08,5.711153363997148e-06,exact GR tensor xi=0 angular integral
500.0,58.85599672050996,558.85599672051,1.0,0,20260723,2.0943951023931953,2.0944175319556235,0.5000053546635977,0.5,7.599088773175336e-08,6.083615776561084e-08,5.491490643278549e-06,exact GR tensor xi=0 angular integral
500.0,60.102135034348315,560.1021350343483,1.0,0,20260723,2.0943951023931953,2.094416532272163,0.5000051160067513,0.5,7.599088773175336e-08,6.054912796937069e-08,5.252546767040738e-06,exact GR tensor xi=0 angular integral
500.0,61.37465741750416,561.3746574175042,1.0,0,20260723,2.0943951023931953,2.0944156846672426,0.5000049136559821,0.5,7.599088773175336e-08,6.029169297708909e-08,5.049938562769215e-06,exact GR tensor xi=0 angular integral
500.0,62.67412249104375,562.6741224910437,1.0,0,20260723,2.0943951023931953,2.094414770583414,0.5000046954345425,0.5,7.599088773175336e-08,5.999810771910967e-08,4.831423537995688e-06,exact GR tensor xi=0 angular integral
500.0,64.00110070353028,564.0011007035303,1.0,0,20260723,2.0943951023931953,2.0944139610079575,0.5000045021626389,0.5,7.599088773175336e-08,5.972288462155483e-08,4.637876411261533e-06,exact GR tensor xi=0 angular integral
500.0,65.35617458144343,565.3561745814434,1.0,0,20260723,2.0943951023931953,2.094413187305148,0.500004317454699,0.5,7.599088773175336e-08,5.944518326948734e-08,4.45289076999615e-06,exact GR tensor xi=0 angular integral
500.0,66.73993898490079,566.7399389849008,1.0,0,20260723,2.0943951023931953,2.094412399284404,0.5000041293286039,0.5,7.599088773175336e-08,5.9146111707248905e-08,4.264465603372053e-06,exact GR tensor xi=0 angular integral
500.0,68.15300136879456,568.1530013687945,1.0,0,20260723,2.0943951023931953,2.0944116512900908,0.5000039507581154,0.5,7.599088773175336e-08,5.884557498413808e-08,4.085594578195129e-06,exact GR tensor xi=0 angular integral
500.0,69.59598204945553,569.5959820494555,1.0,0,20260723,2.0943951023931953,2.0944109506917905,0.5000037835025916,0.5,7.599088773175336e-08,5.854785701340286e-08,3.918041336296839e-06,exact GR tensor xi=0 angular integral
500.0,71.06951447696466,571.0695144769646,1.0,0,20260723,2.0943951023931953,2.0944102817553607,0.5000036238057824,0.5,7.599088773175336e-08,5.8247484825095536e-08,3.7580441550835234e-06,exact GR tensor xi=0 angular integral
500.0,72.5742455132292,572.5742455132292,1.0,0,20260723,2.0943951023931953,2.094409636698676,0.5000034698098426,0.5,7.599088773175336e-08,5.7941457030924993e-08,3.6037421873727357e-06,exact GR tensor xi=0 angular integral
500.0,74.11083571594749,574.1108357159475,1.0,0,20260723,2.0943951023931953,2.0944090159803266,0.5000033216242521,0.5,7.599088773175336e-08,5.763028782595427e-08,3.4552454276598854e-06,exact GR tensor xi=0 angular integral
500.0,75.6799596285844,575.6799596285844,1.0,0,20260723,2.0943951023931953,2.094408426761381,0.5000031809585905,0.5,7.599088773175336e-08,5.731826365390863e-08,3.314267741905355e-06,exact GR tensor xi=0 angular integral
500.0,77.2823060764879,577.2823060764879,1.0,0,20260723,2.0943951023931953,2.0944078745575156,0.5000030491296283,0.5,7.599088773175336e-08,5.7009689444867384e-08,3.1821302056041913e-06,exact GR tensor xi=0 angular integral
500.0,78.91857846927441,578.9185784692744,1.0,0,20260723,2.0943951023931953,2.0944073346948566,0.5000029202469122,0.5,7.599088773175336e-08,5.669144376291606e-08,3.0529292436952674e-06,exact GR tensor xi=0 angular integral
500.0,80.58949510961655,580.5894951096166,1.0,0,20260723,2.0943951023931953,2.094406789863398,0.5000027901779825,0.5,7.599088773175336e-08,5.6352018564015006e-08,2.9225208888623654e-06,exact GR tensor xi=0 angular integral
500.0,82.29578950856937,582.2957895085693,1.0,0,20260723,2.0943951023931953,2.0944063054740756,0.50000267453855,0.5,7.599088773175336e-08,5.60333416950091e-08,2.8065627794374833e-06,exact GR tensor xi=0 angular integral
500.0,84.0382107075715,584.0382107075715,1.0,0,20260723,2.0943951023931953,2.094405813606049,0.5000025571137082,0.5,7.599088773175336e-08,5.569185297035918e-08,2.688796448914852e-06,exact GR tensor xi=0 angular integral
500.0,85.81752360726523,585.8175236072652,1.0,0,20260723,2.0943951023931953,2.094405365029951,0.5000024500240532,0.5,7.599088773175336e-08,5.5363185566128976e-08,2.5813781265690546e-06,exact GR tensor xi=0 angular integral
500.0,87.6345093032782,587.6345093032782,1.0,0,20260723,2.0943951023931953,2.0944049062328047,0.5000023404943027,0.5,7.599088773175336e-08,5.500834080380357e-08,2.4714935312550843e-06,exact GR tensor xi=0 angular integral
500.0,89.48996542911394,589.4899654291139,1.0,0,20260723,2.0943951023931953,2.0944044928731795,0.5000022418119613,0.5,7.599088773175336e-08,5.467088023193493e-08,2.37247372928213e-06,exact GR tensor xi=0 angular integral
500.0,91.38470650630377,591.3847065063038,1.0,0,20260723,2.0943951023931953,2.0944040936601978,0.5000021465068821,0.5,7.599088773175336e-08,5.4327453566409704e-08,2.2768252234299553e-06,exact GR tensor xi=0 angular integral
500.0,93.31956430197009,593.3195643019701,1.0,0,20260723,2.0943951023931953,2.09440370184734,0.5000020529684526,0.5,7.599088773175336e-08,5.397204372127677e-08,2.182931384008539e-06,exact GR tensor xi=0 angular integral
500.0,95.29538819396231,595.2953881939623,1.0,0,20260723,2.0943951023931953,2.094403326331899,0.5000019633207446,0.5,7.599088773175336e-08,5.361271930947501e-08,2.0929243516991696e-06,exact GR tensor xi=0 angular integral
500.0,97.31304554372247,597.3130455437224,1.0,0,20260723,2.0943951023931953,2.094402969176655,0.5000018780562108,0.5,7.599088773175336e-08,5.3252342535078934e-08,2.0072994410164246e-06,exact GR tensor xi=0 angular integral
500.0,99.37342207704661,599.3734220770466,1.0,0,20260723,2.0943951023931953,2.0944026274101004,0.500001796465456,0.5,7.599088773175336e-08,5.288886041345893e-08,1.925345204124278e-06,exact GR tensor xi=0 angular integral
500.0,101.47742227290597,601.477422272906,1.0,0,20260723,2.0943951023931953,2.0944022935259,0.5000017167564746,0.5,7.599088773175336e-08,5.251446568569335e-08,1.8452618280086723e-06,exact GR tensor xi=0 angular integral
500.0,103.62596976050239,603.6259697605024,1.0,0,20260723,2.0943951023931953,2.0944019706131582,0.500001639666736,0.5,7.599088773175336e-08,5.213248666393658e-08,1.7677901104950702e-06,exact GR tensor xi=0 angular integral
500.0,105.82000772472959,605.8200077247296,1.0,0,20260723,2.0943951023931953,2.0944016778379604,0.5000015697718061,0.5,7.599088773175336e-08,5.176762715178708e-08,1.6975303209483026e-06,exact GR tensor xi=0 angular integral
500.0,108.06049932021904,608.060499320219,1.0,0,20260723,2.0943951023931953,2.094401380265839,0.5000014987316951,0.5,7.599088773175336e-08,5.1377003954460265e-08,1.6260995867646731e-06,exact GR tensor xi=0 angular integral
500.0,110.34842809415342,610.3484280941534,1.0,0,20260723,2.0943951023931953,2.0944011100773934,0.500001434228955,0.5,7.599088773175336e-08,5.1003427065973084e-08,1.5612232699177392e-06,exact GR tensor xi=0 angular integral
500.0,112.68479841802997,612.6847984180299,1.0,0,20260723,2.0943951023931953,2.094400835876064,0.5000013687682096,0.5,7.599088773175336e-08,5.0604145723382116e-08,1.4953632430041643e-06,exact GR tensor xi=0 angular integral
500.0,115.07063592856761,615.0706359285676,1.0,0,20260723,2.0943951023931953,2.0944005803472465,0.5000013077651979,0.5,7.599088773175336e-08,5.021205059027075e-08,1.4339681362045656e-06,exact GR tensor xi=0 angular integral
500.0,117.50698797794813,617.5069879779481,1.0,0,20260723,2.0943951023931953,2.0944003382385765,0.5000012499660106,0.5,7.599088773175336e-08,4.9821048715948e-08,1.3757779470201723e-06,exact GR tensor xi=0 angular integral
500.0,119.99492409359016,619.9949240935902,1.0,0,20260723,2.0943951023931953,2.094400103975336,0.5000011940397815,0.5,7.599088773175336e-08,4.942296679263886e-08,1.3194536360061647e-06,exact GR tensor xi=0 angular integral
500.0,122.535536447659,622.535536447659,1.0,0,20260723,2.0943951023931953,2.0943998771535863,0.5000011398900774,0.5,7.599088773175336e-08,4.9017285363896375e-08,1.2648982505170644e-06,exact GR tensor xi=0 angular integral
500.0,125.12994033651488,625.1299403365149,1.0,0,20260723,2.0943951023931953,2.09439965963575,0.5000010879615192,0.5,7.599088773175336e-08,4.860777541240985e-08,1.2125601823370607e-06,exact GR tensor xi=0 angular integral
500.0,127.77927467031466,627.7792746703146,1.0,0,20260723,2.0943951023931953,2.0943994570650633,0.50000103960133,0.5,7.599088773175336e-08,4.820669710845824e-08,1.1637989148635559e-06,exact GR tensor xi=0 angular integral
500.0,130.48470247297868,630.4847024729787,1.0,0,20260723,2.0943951023931953,2.094399258242419,0.5000009921359201,0.5,7.599088773175336e-08,4.779284586455633e-08,1.1159196536474667e-06,exact GR tensor xi=0 angular integral
500.0,133.24741139274312,633.2474113927431,1.0,0,20260723,2.0943951023931953,2.094399067558088,0.5000009466133893,0.5,7.599088773175336e-08,4.737540169597694e-08,1.0699796788188076e-06,exact GR tensor xi=0 angular integral
500.0,136.06861422352335,636.0686142235234,1.0,0,20260723,2.0943951023931953,2.094398883580621,0.5000009026920044,0.5,7.599088773175336e-08,4.695180968186444e-08,1.025634701816783e-06,exact GR tensor xi=0 angular integral
500.0,138.9495494373136,638.9495494373136,1.0,0,20260723,2.0943951023931953,2.094398712241923,0.5000008617879033,0.5,7.599088773175336e-08,4.6537219218453684e-08,9.84316010209405e-07,exact GR tensor xi=0 angular integral
500.0,141.8914817278612,641.8914817278612,1.0,0,20260723,2.0943951023931953,2.0943985456426404,0.5000008220152542,0.5,7.599088773175336e-08,4.611380821192485e-08,9.441199501194632e-07,exact GR tensor xi=0 angular integral
500.0,144.89570256585046,644.8957025658505,1.0,0,20260723,2.0943951023931953,2.0943983850780983,0.5000007836832934,0.5,7.599088773175336e-08,4.5685075250465455e-08,9.053592563943027e-07,exact GR tensor xi=0 angular integral
500.0,147.96353076584302,647.963530765843,1.0,0,20260723,2.0943951023931953,2.094398230205089,0.500000746710086,0.5,7.599088773175336e-08,4.525056396214057e-08,8.679515377519374e-07,exact GR tensor xi=0 angular integral
500.0,151.09631306521888,651.0963130652189,1.0,0,20260723,2.0943951023931953,2.0943980803106688,0.5000007109254291,0.5,7.599088773175336e-08,4.480860088659455e-08,8.317249177357032e-07,exact GR tensor xi=0 angular integral
500.0,154.29542471537786,654.2954247153779,1.0,0,20260723,2.0943951023931953,2.094397941715583,0.5000006778382896,0.5,7.599088773175336e-08,4.437948917459761e-08,7.982086665807177e-07,exact GR tensor xi=0 angular integral
500.0,157.5622700854574,657.5622700854574,1.0,0,20260723,2.0943951023931953,2.094397804341251,0.5000006450425836,0.5,7.599088773175336e-08,4.393298340975303e-08,7.6496645475469e-07,exact GR tensor xi=0 angular integral
500.0,160.89828327883205,660.8982832788321,1.0,0,20260723,2.0943951023931953,2.094397677212386,0.5000006146928027,0.5,7.599088773175336e-08,4.3499307830442014e-08,7.341829982456725e-07,exact GR tensor xi=0 angular integral
500.0,164.30492876266803,664.304928762668,1.0,0,20260723,2.0943951023931953,2.0943975523924108,0.5000005848942286,0.5,7.599088773175336e-08,4.305263148458652e-08,7.039377478551024e-07,exact GR tensor xi=0 angular integral
500.0,167.78370201080358,667.7837020108036,1.0,0,20260723,2.0943951023931953,2.094397432945511,0.5000005563783817,0.5,7.599088773175336e-08,4.26040773134256e-08,6.749733467517638e-07,exact GR tensor xi=0 angular integral
500.0,171.33613016024415,671.3361301602441,1.0,0,20260723,2.0943951023931953,2.0943973193766348,0.5000005292658097,0.5,7.599088773175336e-08,4.215673251426826e-08,6.474134299941436e-07,exact GR tensor xi=0 angular integral
500.0,174.96377268155572,674.9637726815557,1.0,0,20260723,2.0943951023931953,2.094397209443933,0.5000005030213104,0.5,7.599088773175336e-08,4.17025980335042e-08,6.207147961806187e-07,exact GR tensor xi=0 angular integral
500.0,178.6682220634522,678.6682220634522,1.0,0,20260723,2.0943951023931953,2.0943971032237596,0.500000477663112,0.5,7.599088773175336e-08,4.124230228503381e-08,5.948963020448728e-07,exact GR tensor xi=0 angular integral
500.0,182.45110451187878,682.4511045118788,1.0,0,20260723,2.0943951023931953,2.094397004356502,0.5000004540602928,0.5,7.599088773175336e-08,4.0793187193854875e-08,5.708443678304028e-07,exact GR tensor xi=0 angular integral
500.0,186.31408066389375,686.3140806638937,1.0,0,20260723,2.0943951023931953,2.094396908274789,0.5000004311224734,0.5,7.599088773175336e-08,4.033592438665514e-08,5.474492855517888e-07,exact GR tensor xi=0 angular integral
500.0,190.25884631666815,690.2588463166682,1.0,0,20260723,2.0943951023931953,2.094396815532188,0.5000004089818084,0.5,7.599088773175336e-08,3.987338614719321e-08,5.248460822969847e-07,exact GR tensor xi=0 angular integral
500.0,194.28713317191847,694.2871331719184,1.0,0,20260723,2.0943951023931953,2.0943967275292796,0.5000003879726616,0.5,7.599088773175336e-08,3.941356204027734e-08,5.033771113482395e-07,exact GR tensor xi=0 angular integral
500.0,198.40070959610293,698.400709596103,1.0,0,20260723,2.0943951023931953,2.0943966433263634,0.500000367870696,0.5,7.599088773175336e-08,3.8952837993499306e-08,4.82814421746166e-07,exact GR tensor xi=0 angular integral
500.0,202.60138139670963,702.6013813967096,1.0,0,20260723,2.0943951023931953,2.094396560846392,0.5000003481800533,0.5,7.599088773175336e-08,3.848012617651803e-08,4.62651067331918e-07,exact GR tensor xi=0 angular integral
500.0,206.89099261498438,706.8909926149844,1.0,0,20260723,2.0943951023931953,2.0943964846323637,0.5000003299852943,0.5,7.599088773175336e-08,3.8022838478017045e-08,4.439990205490749e-07,exact GR tensor xi=0 angular integral
500.0,211.27142633544102,711.271426335441,1.0,0,20260723,2.0943951023931953,2.094396409785187,0.500000312116847,0.5,7.599088773175336e-08,3.755292130007413e-08,4.256606560533469e-07,exact GR tensor xi=0 angular integral
500.0,215.74460551251082,715.7446055125108,1.0,0,20260723,2.0943951023931953,2.094396338367047,0.500000295067022,0.5,7.599088773175336e-08,3.7083617167138067e-08,4.081415269362674e-07,exact GR tensor xi=0 angular integral
500.0,220.3124938146967,720.3124938146967,1.0,0,20260723,2.0943951023931953,2.0943962706190207,0.5000002788933722,0.5,7.599088773175336e-08,3.661791007507682e-08,3.915021700177908e-07,exact GR tensor xi=0 angular integral
500.0,224.97709648659617,724.9770964865961,1.0,0,20260723,2.0943951023931953,2.0943962050517193,0.500000263240332,0.5,7.599088773175336e-08,3.614651941672667e-08,3.7537773916619757e-07,exact GR tensor xi=0 angular integral
500.0,229.74046122917963,729.7404612291796,1.0,0,20260723,2.0943951023931953,2.094396142288257,0.500000248256659,0.5,7.599088773175336e-08,3.567459157086707e-08,3.599221383684418e-07,exact GR tensor xi=0 angular integral
500.0,234.60467909870457,734.6046790987045,1.0,0,20260723,2.0943951023931953,2.094396081989902,0.5000002338614872,0.5,7.599088773175336e-08,3.520048307122711e-08,3.450528580309576e-07,exact GR tensor xi=0 angular integral
500.0,239.57188542466204,739.571885424662,1.0,0,20260723,2.0943951023931953,2.094396024740568,0.5000002201942154,0.5,7.599088773175336e-08,3.472994032927948e-08,3.309150434777422e-07,exact GR tensor xi=0 angular integral
500.0,244.644260747161,744.6442607471611,1.0,0,20260723,2.0943951023931953,2.0943959697620596,0.5000002070690633,0.5,7.599088773175336e-08,3.425774501194253e-08,3.173176961229127e-07,exact GR tensor xi=0 angular integral
500.0,249.82403177415463,749.8240317741546,1.0,0,20260723,2.0943951023931953,2.094395917893279,0.5000001946863042,0.5,7.599088773175336e-08,3.379245703171566e-08,3.04469648985061e-07,exact GR tensor xi=0 angular integral
500.0,255.1134723589386,755.1134723589386,1.0,0,20260723,2.0943951023931953,2.094395866868609,0.5000001825050614,0.5,7.599088773175336e-08,3.331438482062309e-08,2.9181033390805676e-07,exact GR tensor xi=0 angular integral
500.0,260.51490449834256,760.5149044983425,1.0,0,20260723,2.0943951023931953,2.094395818965922,0.5000001710691374,0.5,7.599088773175336e-08,3.284563069660499e-08,2.799056559152364e-07,exact GR tensor xi=0 angular integral
500.0,266.0306993520593,766.0306993520593,1.0,0,20260723,2.0943951023931953,2.0943957727651363,0.5000001600395122,0.5,7.599088773175336e-08,3.237368977326021e-08,2.684040896847178e-07,exact GR tensor xi=0 angular integral
500.0,271.6632782835503,771.6632782835503,1.0,0,20260723,2.0943951023931953,2.094395728447964,0.5000001494595667,0.5,7.599088773175336e-08,3.190113634873521e-08,2.573515907782288e-07,exact GR tensor xi=0 angular integral
500.0,277.4151139229955,777.4151139229955,1.0,0,20260723,2.0943951023931953,2.0943956866843196,0.5000001394892309,0.5,7.599088773175336e-08,3.1436521980938475e-08,2.469166406371401e-07,exact GR tensor xi=0 angular integral
500.0,283.2887312527458,783.2887312527457,1.0,0,20260723,2.0943951023931953,2.094395646094142,0.5000001297990398,0.5,7.599088773175336e-08,3.096552200745537e-08,2.3675544959686186e-07,exact GR tensor xi=0 angular integral
500.0,289.2867087157574,789.2867087157574,1.0,0,20260723,2.0943951023931953,2.094395607352213,0.5000001205500856,0.5,7.599088773175336e-08,3.049660094300003e-08,2.2703757429609002e-07,exact GR tensor xi=0 angular integral
500.0,295.4116793474979,795.411679347498,1.0,0,20260723,2.0943951023931953,2.0943955703875594,0.5000001117254246,0.5,7.599088773175336e-08,3.0030081623820854e-08,2.1774639399465323e-07,exact GR tensor xi=0 angular integral
500.0,301.66633193181144,801.6663319318114,1.0,0,20260723,2.0943951023931953,2.094395534523249,0.5000001031634511,0.5,7.599088773175336e-08,2.955812019581851e-08,2.0871245898993817e-07,exact GR tensor xi=0 angular integral
500.0,308.05341218126284,808.0534121812628,1.0,0,20260723,2.0943951023931953,2.0943955006499704,0.5000000950768015,0.5,7.599088773175336e-08,2.909342086196769e-08,2.0016111012534202e-07,exact GR tensor xi=0 angular integral
500.0,314.57572394247,814.57572394247,1.0,0,20260723,2.0943951023931953,2.0943954681522925,0.5000000873185525,0.5,7.599088773175336e-08,2.8628859653288556e-08,1.919382998687669e-07,exact GR tensor xi=0 angular integral
500.0,321.23613042695564,821.2361304269557,1.0,0,20260723,2.0943951023931953,2.0943954372142053,0.5000000799326282,0.5,7.599088773175336e-08,2.8168137568009854e-08,1.8409165348611477e-07,exact GR tensor xi=0 angular integral
500.0,328.03755546806366,828.0375554680636,1.0,0,20260723,2.0943951023931953,2.0943954074530344,0.500000072827672,0.5,7.599088773175336e-08,2.7706552026488144e-08,1.7652511177402983e-07,exact GR tensor xi=0 angular integral
500.0,334.9829848044803,834.9829848044803,1.0,0,20260723,2.0943951023931953,2.0943953791382,0.5000000660680032,0.5,7.599088773175336e-08,2.7249281672476664e-08,1.6930817256295717e-07,exact GR tensor xi=0 angular integral
500.0,342.0754673909381,842.0754673909381,1.0,0,20260723,2.0943951023931953,2.09439535179729,0.5000000595408417,0.5,7.599088773175336e-08,2.678959517772338e-08,1.6232132462108667e-07,exact GR tensor xi=0 angular integral
500.0,349.31811673666755,849.3181167366675,1.0,0,20260723,2.0943951023931953,2.094395326019571,0.5000000533868646,0.5,7.599088773175336e-08,2.6338526826195936e-08,1.5571627915916908e-07,exact GR tensor xi=0 angular integral
500.0,356.71411227218675,856.7141122721868,1.0,0,20260723,2.0943951023931953,2.094395300992686,0.500000047412136,0.5,7.599088773175336e-08,2.5882850411953236e-08,1.4928587415914597e-07,exact GR tensor xi=0 angular integral
500.0,364.2667007450339,864.2667007450339,1.0,0,20260723,2.0943951023931953,2.0943952772966763,0.5000000417551304,0.5,7.599088773175336e-08,2.5433978299155316e-08,1.4317999642467688e-07,exact GR tensor xi=0 angular integral
500.0,371.97919764504377,871.9791976450438,1.0,0,20260723,2.0943951023931953,2.0943952545658524,0.5000000363285458,0.5,7.599088773175336e-08,2.4986160252318324e-08,1.373055938886695e-07,exact GR tensor xi=0 angular integral
500.0,379.85498865980804,879.854988659808,1.0,0,20260723,2.0943951023931953,2.094395232903535,0.5000000311570486,0.5,7.599088773175336e-08,2.45424190559763e-08,1.316903553580354e-07,exact GR tensor xi=0 angular integral
500.0,387.89753116094744,887.8975311609474,1.0,0,20260723,2.0943951023931953,2.094395212117272,0.5000000261946939,0.5,7.599088773175336e-08,2.4099786875806973e-08,1.2628536847129348e-07,exact GR tensor xi=0 angular integral
500.0,396.11035572185693,896.1103557218569,1.0,0,20260723,2.0943951023931953,2.094395192068166,0.5000000214083222,0.5,7.599088773175336e-08,2.365596217477775e-08,1.2105517217810846e-07,exact GR tensor xi=0 angular integral
500.0,404.4970676675776,904.4970676675775,1.0,0,20260723,2.0943951023931953,2.094395173178929,0.5000000168988491,0.5,7.599088773175336e-08,2.3221411141550014e-08,1.1611114802105386e-07,exact GR tensor xi=0 angular integral
500.0,413.0613486574913,913.0613486574913,1.0,0,20260723,2.0943951023931953,2.0943951549760156,0.5000000125532237,0.5,7.599088773175336e-08,2.278637465454018e-08,1.1133048607801492e-07,exact GR tensor xi=0 angular integral
500.0,421.80695830152143,921.8069583015215,1.0,0,20260723,2.0943951023931953,2.0943951377455323,0.5000000084397488,0.5,7.599088773175336e-08,2.2358680161104e-08,1.0678931671209329e-07,exact GR tensor xi=0 angular integral
500.0,430.73773581055264,930.7377358105526,1.0,0,20260723,2.0943951023931953,2.0943951211185823,0.5000000044703569,0.5,7.599088773175336e-08,2.193012878274598e-08,1.0239137338271942e-07,exact GR tensor xi=0 angular integral
500.0,439.857601681799,939.857601681799,1.0,0,20260723,2.0943951023931953,2.094395105367536,0.5000000007100716,0.5,7.599088773175336e-08,2.150865753120494e-08,9.82096168444454e-08,exact GR tensor xi=0 angular integral
500.0,449.17055941984694,949.170559419847,1.0,0,20260723,2.0943951023931953,2.09439509012999,0.49999999707237547,0.5,7.599088773175336e-08,2.108542710664456e-08,9.41486903323706e-08,exact GR tensor xi=0 angular integral
500.0,458.6806972941459,958.6806972941458,1.0,0,20260723,2.0943951023931953,2.094395075695237,0.49999999362633196,0.5,7.599088773175336e-08,2.066931030695706e-08,9.02865300383122e-08,exact GR tensor xi=0 angular integral
500.0,468.3921901337057,968.3921901337058,1.0,0,20260723,2.0943951023931953,2.0943950619991596,0.49999999035663434,0.5,7.599088773175336e-08,2.025973812071529e-08,8.660726020397365e-08,exact GR tensor xi=0 angular integral
500.0,478.3093011597921,978.3093011597921,1.0,0,20260723,2.0943951023931953,2.0943950488070153,0.49999998720724187,0.5,7.599088773175336e-08,1.9850576148447637e-08,8.304870575776693e-08,exact GR tensor xi=0 angular integral
500.0,488.43638385743026,988.4363838574302,1.0,0,20260723,2.0943951023931953,2.09439503622739,0.49999998420407754,0.5,7.599088773175336e-08,1.9445949225109363e-08,7.964091451338225e-08,exact GR tensor xi=0 angular integral
500.0,498.7778838865235,998.7778838865236,1.0,0,20260723,2.0943951023931953,2.0943950241979676,0.49999998133226453,0.5,7.599088773175336e-08,1.9044762903196826e-08,7.636791515350631e-08,exact GR tensor xi=0 angular integral
500.0,509.3383410334447,1009.3383410334447,1.0,0,20260723,2.0943951023931953,2.0943950127538637,0.4999999786001859,0.5,7.599088773175336e-08,1.8649133372456103e-08,7.324020699945656e-08,exact GR tensor xi=0 angular integral
500.0,520.1223912039427,1020.1223912039427,1.0,0,20260723,2.0943951023931953,2.0943950017321575,0.49999997596894735,0.5,7.599088773175336e-08,1.8254212619728923e-08,7.021404775213334e-08,exact GR tensor xi=0 angular integral
500.0,531.1347684582498,1031.1347684582497,1.0,0,20260723,2.0943951023931953,2.0943949912881443,0.49999997347562286,0.5,7.599088773175336e-08,1.7866414247212487e-08,6.733292484688736e-08,exact GR tensor xi=0 angular integral
500.0,542.3803070892677,1042.3803070892677,1.0,0,20260723,2.0943951023931953,2.0943949813884863,0.49999997111225364,0.5,7.599088773175336e-08,1.7485667295340402e-08,6.458880869734828e-08,exact GR tensor xi=0 angular integral
500.0,553.863943744764,1053.8639437447641,1.0,0,20260723,2.0943951023931953,2.0943949718724113,0.49999996884045805,0.5,7.599088773175336e-08,1.7106647679746646e-08,6.193799342929615e-08,exact GR tensor xi=0 angular integral
500.0,565.5907195944969,1065.590719594497,1.0,0,20260723,2.0943951023931953,2.0943949627366973,0.49999996665946705,0.5,7.599088773175336e-08,1.672981725128162e-08,5.938017205831923e-08,exact GR tensor xi=0 angular integral
500.0,577.5657825432228,1077.5657825432227,1.0,0,20260723,2.0943951023931953,2.0943949540836955,0.49999996459371504,0.5,7.599088773175336e-08,1.63602654970393e-08,5.6944868238916637e-08,exact GR tensor xi=0 angular integral
500.0,589.7943894905657,1089.7943894905657,1.0,0,20260723,2.0943951023931953,2.0943949458576374,0.49999996262988833,0.5,7.599088773175336e-08,1.5996654959069588e-08,5.461743102917645e-08,exact GR tensor xi=0 angular integral
500.0,602.2819086387216,1102.2819086387217,1.0,0,20260723,2.0943951023931953,2.0943949379749855,0.4999999607480438,0.5,7.599088773175336e-08,1.5636098768731455e-08,5.237503029438334e-08,exact GR tensor xi=0 angular integral
500.0,615.0338218490358,1115.0338218490358,1.0,0,20260723,2.0943951023931953,2.0943949304429816,0.49999995894991034,0.5,7.599088773175336e-08,1.5279623903727745e-08,5.0220422003607035e-08,exact GR tensor xi=0 angular integral
500.0,628.0557270484684,1128.0557270484683,1.0,0,20260723,2.0943951023931953,2.094394923274651,0.49999995723859736,0.5,7.599088773175336e-08,1.4928654710593638e-08,4.815813983441781e-08,exact GR tensor xi=0 angular integral
500.0,641.3533406870115,1141.3533406870115,1.0,0,20260723,2.0943951023931953,2.0943949164770554,0.499999955615791,0.5,7.599088773175336e-08,1.4584463646312953e-08,4.619114242081031e-08,exact GR tensor xi=0 angular integral
500.0,654.9325002471433,1154.9325002471433,1.0,0,20260723,2.0943951023931953,2.0943949099607004,0.4999999540601258,0.5,7.599088773175336e-08,1.4243304757809977e-08,4.4294318349657684e-08,exact GR tensor xi=0 angular integral
500.0,668.7991668063996,1168.7991668063996,1.0,0,20260723,2.0943951023931953,2.094394903750656,0.4999999525775869,0.5,7.599088773175336e-08,1.3907173360197236e-08,4.247564800780083e-08,exact GR tensor xi=0 angular integral
500.0,682.959427654217,1182.959427654217,1.0,0,20260723,2.0943951023931953,2.0943948978338054,0.49999995116504287,0.5,7.599088773175336e-08,1.3576133036588984e-08,4.073206364789476e-08,exact GR tensor xi=0 angular integral
500.0,697.4194989641718,1197.419498964172,1.0,0,20260723,2.0943951023931953,2.0943948922024633,0.499999949820659,0.5,7.599088773175336e-08,1.3250532754664622e-08,3.9062079530897995e-08,exact GR tensor xi=0 angular integral
500.0,712.1857285228064,1212.1857285228064,1.0,0,20260723,2.0943951023931953,2.0943948868095705,0.49999994853320073,0.5,7.599088773175336e-08,1.2928334767407412e-08,3.7452423289635944e-08,exact GR tensor xi=0 angular integral
500.0,727.2645985162181,1227.264598516218,1.0,0,20260723,2.0943951023931953,2.09439488170618,0.4999999473148559,0.5,7.599088773175336e-08,1.2613344285478274e-08,3.591908790592924e-08,exact GR tensor xi=0 angular integral
500.0,742.6627283756621,1242.662728375662,1.0,0,20260723,2.0943951023931953,2.0943948768199556,0.49999994614835586,0.5,7.599088773175336e-08,1.2301844613976699e-08,3.444108818035839e-08,exact GR tensor xi=0 angular integral
500.0,758.386877683395,1258.3868776833951,1.0,0,20260723,2.0943951023931953,2.0943948722008994,0.4999999450456374,0.5,7.599088773175336e-08,1.1997764208531007e-08,3.303428935031629e-08,exact GR tensor xi=0 angular integral
500.0,774.4439491400441,1274.443949140044,1.0,0,20260723,2.0943951023931953,2.09439486777694,0.4999999439894948,0.5,7.599088773175336e-08,1.1697083950846723e-08,3.167746654601342e-08,exact GR tensor xi=0 angular integral
500.0,790.8409915948104,1290.8409915948105,1.0,0,20260723,2.0943951023931953,2.094394863570968,0.499999942985393,0.5,7.599088773175336e-08,1.1401983147638506e-08,3.0378263929001103e-08,exact GR tensor xi=0 angular integral
500.0,807.5852031398149,1307.585203139815,1.0,0,20260723,2.0943951023931953,2.0943948595477555,0.49999994202492176,0.5,7.599088773175336e-08,1.1110621109384757e-08,2.9126430583054663e-08,exact GR tensor xi=0 angular integral
500.0,824.6839342699745,1324.6839342699745,1.0,0,20260723,2.0943951023931953,2.094394855736076,0.49999994111495033,0.5,7.599088773175336e-08,1.0825743478409591e-08,2.7931581539333532e-08,exact GR tensor xi=0 angular integral
500.0,842.1446911097743,1342.1446911097742,1.0,0,20260723,2.0943951023931953,2.0943948521052143,0.4999999402481459,0.5,7.599088773175336e-08,1.054576002960584e-08,2.6784793734552456e-08,exact GR tensor xi=0 angular integral
500.0,859.9751387083579,1359.975138708358,1.0,0,20260723,2.0943951023931953,2.094394848661375,0.49999993942598986,0.5,7.599088773175336e-08,1.0271819963508009e-08,2.56886975699213e-08,exact GR tensor xi=0 angular integral
500.0,878.1831044043938,1378.1831044043938,1.0,0,20260723,2.0943951023931953,2.094394845367596,0.49999993863965797,0.5,7.599088773175336e-08,1.000158890244091e-08,2.4632134631086478e-08,exact GR tensor xi=0 angular integral
500.0,896.7765812621664,1396.7765812621665,1.0,0,20260723,2.0943951023931953,2.094394842248392,0.4999999378950029,0.5,7.599088773175336e-08,9.737685607386554e-09,2.3623576285518767e-08,exact GR tensor xi=0 angular integral
500.0,915.7637315804354,1415.7637315804354,1.0,0,20260723,2.0943951023931953,2.0943948392733045,0.4999999371847531,0.5,7.599088773175336e-08,9.478162557424454e-09,2.265380341545594e-08,exact GR tensor xi=0 angular integral
500.0,935.1528904755801,1435.15289047558,1.0,0,20260723,2.0943951023931953,2.094394836438446,0.4999999365079805,0.5,7.599088773175336e-08,9.223220020635585e-09,2.1722088275061597e-08,exact GR tensor xi=0 angular integral
500.0,954.952569540606,1454.952569540606,1.0,0,20260723,2.0943951023931953,2.094394833756769,0.4999999358677773,0.5,7.599088773175336e-08,8.974643146279663e-09,2.08333082027e-08,exact GR tensor xi=0 angular integral
500.0,975.1714605816334,1475.1714605816333,1.0,0,20260723,2.0943951023931953,2.0943948311921794,0.4999999352555266,0.5,7.599088773175336e-08,8.72965289445381e-09,1.9976067223867848e-08,exact GR tensor xi=0 angular integral
500.0,995.818439433478,1495.818439433478,1.0,0,20260723,2.0943951023931953,2.0943948287681375,0.4999999346768293,0.5,7.599088773175336e-08,8.49104751535736e-09,1.9158764547208725e-08,exact GR tensor xi=0 angular integral
500.0,1016.9025698560343,1516.9025698560345,1.0,0,20260723,2.0943951023931953,2.0943948264573473,0.4999999341251687,0.5,7.599088773175336e-08,8.256720463920825e-09,1.837277692654444e-08,exact GR tensor xi=0 angular integral
500.0,1038.433107513159,1538.433107513159,1.0,0,20260723,2.0943951023931953,2.0943948242595467,0.4999999336004825,0.5,7.599088773175336e-08,8.027143527370709e-09,1.761851375232313e-08,exact GR tensor xi=0 angular integral
500.0,1060.4195040357658,1560.4195040357658,1.0,0,20260723,2.0943951023931953,2.0943948221721316,0.49999993310214885,0.5,7.599088773175336e-08,7.802567958333693e-09,1.6895604605384613e-08,exact GR tensor xi=0 angular integral
500.0,1082.8714111710028,1582.8714111710028,1.0,0,20260723,2.0943951023931953,2.0943948201888687,0.4999999326286797,0.5,7.599088773175336e-08,7.582843054267709e-09,1.6202410535372022e-08,exact GR tensor xi=0 angular integral
500.0,1105.7986850192115,1605.7986850192115,1.0,0,20260723,2.0943951023931953,2.094394818302836,0.49999993217842253,0.5,7.599088773175336e-08,7.367695889371829e-09,1.5537006163672617e-08,exact GR tensor xi=0 angular integral
500.0,1129.2113903606592,1629.2113903606592,1.0,0,20260723,2.0943951023931953,2.0943948165096,0.4999999317503189,0.5,7.599088773175336e-08,7.157094608490626e-09,1.4898301279266042e-08,exact GR tensor xi=0 angular integral
500.0,1153.119805073837,1653.119805073837,1.0,0,20260723,2.0943951023931953,2.0943948148080964,0.49999993134411497,0.5,7.599088773175336e-08,6.951395634944209e-09,1.4286398366630923e-08,exact GR tensor xi=0 angular integral
500.0,1177.5344246473016,1677.5344246473016,1.0,0,20260723,2.0943951023931953,2.0943948131952226,0.49999993095906964,0.5,7.599088773175336e-08,6.750718640701092e-09,1.3700676051059972e-08,exact GR tensor xi=0 angular integral
500.0,1202.4659667870894,1702.4659667870894,1.0,0,20260723,2.0943951023931953,2.0943948116642472,0.4999999305935763,0.5,7.599088773175336e-08,6.554703757384792e-09,1.313916783200341e-08,exact GR tensor xi=0 angular integral
500.0,1227.9253761216391,1727.9253761216391,1.0,0,20260723,2.0943951023931953,2.0943948102096215,0.4999999302463099,0.5,7.599088773175336e-08,6.363084437709596e-09,1.2600282101747726e-08,exact GR tensor xi=0 angular integral
500.0,1253.9238290063274,1753.9238290063274,1.0,0,20260723,2.0943951023931953,2.094394808827967,0.4999999299164642,0.5,7.599088773175336e-08,6.175842037043208e-09,1.208319400879388e-08,exact GR tensor xi=0 angular integral
500.0,1280.4727384297828,1780.4727384297828,1.0,0,20260723,2.0943951023931953,2.094394807515678,0.4999999296031783,0.5,7.599088773175336e-08,5.992904957434198e-09,1.1586970991114891e-08,exact GR tensor xi=0 angular integral
500.0,1307.5837590239992,1807.5837590239992,1.0,0,20260723,2.0943951023931953,2.0943948062691407,0.49999992930558945,0.5,7.599088773175336e-08,5.8141744236059705e-09,1.1110651631946753e-08,exact GR tensor xi=0 angular integral
500.0,1335.2687921806082,1835.2687921806082,1.0,0,20260723,2.0943951023931953,2.094394805090317,0.499999929024166,0.5,7.599088773175336e-08,5.640356739321065e-09,1.0655410473042654e-08,exact GR tensor xi=0 angular integral
500.0,1363.5399912754222,1863.5399912754222,1.0,0,20260723,2.0943951023931953,2.0943948039690006,0.49999992875647137,0.5,7.599088773175336e-08,5.470350578891373e-09,1.0217709679436016e-08,exact GR tensor xi=0 angular integral
500.0,1392.4097670035937,1892.4097670035937,1.0,0,20260723,2.0943951023931953,2.0943948029083823,0.49999992850326747,0.5,7.599088773175336e-08,5.305028382210849e-09,9.799183561900135e-09,exact GR tensor xi=0 angular integral
500.0,1421.8907928277918,1921.8907928277918,1.0,0,20260723,2.0943951023931953,2.0943948019005094,0.49999992826265555,0.5,7.599088773175336e-08,5.143535519201216e-09,9.397078840784911e-09,exact GR tensor xi=0 angular integral
500.0,1451.9960105416437,1951.9960105416437,1.0,0,20260723,2.0943951023931953,2.0943948009434634,0.49999992803417764,0.5,7.599088773175336e-08,4.9859114649746275e-09,9.010976834520905e-09,exact GR tensor xi=0 angular integral
500.0,1482.7386359510588,1982.7386359510588,1.0,0,20260723,2.0943951023931953,2.0943948000369077,0.49999992781775343,0.5,7.599088773175336e-08,4.83245821138562e-09,8.641099402691988e-09,exact GR tensor xi=0 angular integral
500.0,1514.1321646757797,2014.1321646757797,1.0,0,20260723,2.0943951023931953,2.09439479917673,0.4999999276124011,0.5,7.599088773175336e-08,4.682831241600247e-09,8.286120086523923e-09,exact GR tensor xi=0 angular integral
500.0,1546.1903780737696,2046.1903780737696,1.0,0,20260723,2.0943951023931953,2.0943947983625235,0.4999999274180236,0.5,7.599088773175336e-08,4.537304719829608e-09,7.946216078763322e-09,exact GR tensor xi=0 angular integral
500.0,1578.9273492910947,2078.9273492910947,1.0,0,20260723,2.0943951023931953,2.0943947975917947,0.4999999272340257,0.5,7.599088773175336e-08,4.3957810858571254e-09,7.62069450291324e-09,exact GR tensor xi=0 angular integral
500.0,1612.3574494398063,2112.3574494398063,1.0,0,20260723,2.0943951023931953,2.094394796860151,0.4999999270593586,0.5,7.599088773175336e-08,4.257774628238162e-09,7.308020964005511e-09,exact GR tensor xi=0 angular integral
500.0,1646.495353906718,2146.4953539067183,1.0,0,20260723,2.0943951023931953,2.0943947961659712,0.49999992689363537,0.5,7.599088773175336e-08,4.123277466172074e-09,7.007800542665517e-09,exact GR tensor xi=0 angular integral
500.0,1681.3560487956966,2181.3560487956966,1.0,0,20260723,2.0943951023931953,2.0943947955096363,0.49999992673694693,0.5,7.599088773175336e-08,3.9926735769435315e-09,6.720508267628398e-09,exact GR tensor xi=0 angular integral
500.0,1716.9548375063473,2216.9548375063473,1.0,0,20260723,2.0943951023931953,2.094394794886886,0.49999992658827624,0.5,7.599088773175336e-08,3.86541577244794e-09,6.444579764417035e-09,exact GR tensor xi=0 angular integral
500.0,1753.3073474520606,2253.3073474520606,1.0,0,20260723,2.0943951023931953,2.0943947942973637,0.4999999264475382,0.5,7.599088773175336e-08,3.741715661114404e-09,6.180141630068677e-09,exact GR tensor xi=0 angular integral
500.0,1790.429536920189,2290.429536920189,1.0,0,20260723,2.0943951023931953,2.0943947937390024,0.4999999263142393,0.5,7.599088773175336e-08,3.6214236815036944e-09,5.9265506863924345e-09,exact GR tensor xi=0 angular integral
500.0,1828.337702077583,2328.337702077583,1.0,0,20260723,2.0943951023931953,2.0943947932102276,0.49999992618800354,0.5,7.599088773175336e-08,3.5044738827478873e-09,5.683365157288391e-09,exact GR tensor xi=0 angular integral
500.0,1867.0484841243774,2367.0484841243774,1.0,0,20260723,2.0943951023931953,2.094394792708747,0.4999999260682839,0.5,7.599088773175336e-08,3.390618005000103e-09,5.449789672334612e-09,exact GR tensor xi=0 angular integral
500.0,1906.578876599244,2406.578876599244,1.0,0,20260723,2.0943951023931953,2.0943947922345787,0.4999999259550845,0.5,7.599088773175336e-08,3.2801168138328784e-09,5.226089054522735e-09,exact GR tensor xi=0 angular integral
500.0,1946.94623283939,2446.94623283939,1.0,0,20260723,2.0943951023931953,2.094394791786449,0.49999992584810155,0.5,7.599088773175336e-08,3.1729374192529886e-09,5.011926712622232e-09,exact GR tensor xi=0 angular integral
500.0,1988.1682735983898,2488.1682735983895,1.0,0,20260723,2.0943951023931953,2.094394791361056,0.49999992574654634,0.5,7.599088773175336e-08,3.0685283780962585e-09,4.8059624422994e-09,exact GR tensor xi=0 angular integral
500.0,2030.2630948254248,2530.2630948254246,1.0,0,20260723,2.0943951023931953,2.09439479095942,0.4999999256506628,0.5,7.599088773175336e-08,2.9673747842000357e-09,4.608925356303131e-09,exact GR tensor xi=0 angular integral
500.0,2073.24917560915,2573.24917560915,1.0,0,20260723,2.0943951023931953,2.094394790578905,0.49999992555982153,0.5,7.599088773175336e-08,2.8690472649797732e-09,4.419756582110952e-09,exact GR tensor xi=0 angular integral
500.0,2117.1453862897524,2617.1453862897524,1.0,0,20260723,2.0943951023931953,2.094394790218619,0.4999999254738096,0.5,7.599088773175336e-08,2.773531190240715e-09,4.238228527139366e-09,exact GR tensor xi=0 angular integral
500.0,2161.9709967428403,2661.9709967428403,1.0,0,20260723,2.0943951023931953,2.0943947898784447,0.499999925392599,0.5,7.599088773175336e-08,2.6810166783882795e-09,4.064503460311017e-09,exact GR tensor xi=0 angular integral
500.0,2207.7456848386455,2707.7456848386455,1.0,0,20260723,2.0943951023931953,2.094394789556141,0.49999992531565457,0.5,7.599088773175336e-08,2.5911054638200915e-09,3.897647766909287e-09,exact GR tensor xi=0 angular integral
500.0,2254.4895450803333,2754.4895450803333,1.0,0,20260723,2.0943951023931953,2.0943947892514387,0.4999999252429123,0.5,7.599088773175336e-08,2.5039226788219655e-09,3.7377227467195665e-09,exact GR tensor xi=0 angular integral
500.0,2302.223097425292,2802.223097425292,1.0,0,20260723,2.0943951023931953,2.0943947889631054,0.4999999251740778,0.5,7.599088773175336e-08,2.419312778484236e-09,3.584278394265881e-09,exact GR tensor xi=0 angular integral
500.0,2350.967296293061,2850.967296293061,1.0,0,20260723,2.0943951023931953,2.094394788690704,0.4999999251090468,0.5,7.599088773175336e-08,2.3373400376497833e-09,3.4372745598972233e-09,exact GR tensor xi=0 angular integral
500.0,2400.7435397641166,2900.7435397641166,1.0,0,20260723,2.0943951023931953,2.094394788432876,0.4999999250474949,0.5,7.599088773175336e-08,2.257781411405655e-09,3.296164073913351e-09,exact GR tensor xi=0 angular integral
500.0,2451.573678973331,2951.573678973331,1.0,0,20260723,2.0943951023931953,2.0943947881890757,0.49999992498929186,0.5,7.599088773175336e-08,2.1806447073136082e-09,3.1608243397920263e-09,exact GR tensor xi=0 angular integral
500.0,2503.4800277023082,3003.4800277023082,1.0,0,20260723,2.0943951023931953,2.09439478795891,0.4999999249343438,0.5,7.599088773175336e-08,2.1059831286535968e-09,3.031214662766264e-09,exact GR tensor xi=0 angular integral
500.0,2556.4853721749205,3056.4853721749205,1.0,0,20260723,2.0943951023931953,2.0943947877411517,0.4999999248823579,0.5,7.599088773175336e-08,2.0335691746005245e-09,2.906814871829117e-09,exact GR tensor xi=0 angular integral
500.0,2610.6129810600887,3110.6129810600887,1.0,0,20260723,2.0943951023931953,2.094394787535177,0.49999992483318506,0.5,7.599088773175336e-08,1.9633538688916933e-09,2.7874266796307576e-09,exact GR tensor xi=0 angular integral
500.0,2665.8866156865,3165.8866156865,1.0,0,20260723,2.0943951023931953,2.0943947873409594,0.499999924786819,0.5,7.599088773175336e-08,1.8954905047721636e-09,2.673197239291046e-09,exact GR tensor xi=0 angular integral
500.0,2722.330540473502,3222.330540473502,1.0,0,20260723,2.0943951023931953,2.094394787157142,0.49999992474293586,0.5,7.599088773175336e-08,1.829660220767179e-09,2.5634838198513556e-09,exact GR tensor xi=0 angular integral
500.0,2779.9695335828337,3279.9695335828337,1.0,0,20260723,2.0943951023931953,2.0943947869834236,0.4999999247014636,0.5,7.599088773175336e-08,1.7658989298331027e-09,2.4582502838494693e-09,exact GR tensor xi=0 angular integral
500.0,2838.8288977960033,3338.8288977960033,1.0,0,20260723,2.0943951023931953,2.0943947868194055,0.49999992466230714,0.5,7.599088773175336e-08,1.704205101965608e-09,2.3573999998904926e-09,exact GR tensor xi=0 angular integral
500.0,2898.9344716217943,3398.9344716217943,1.0,0,20260723,2.0943951023931953,2.0943947866644015,0.4999999246253027,0.5,7.599088773175336e-08,1.6444603290625675e-09,2.260650755311068e-09,exact GR tensor xi=0 angular integral
500.0,2960.312640639121,3460.312640639121,1.0,0,20260723,2.0943951023931953,2.094394786517996,0.499999924590351,0.5,7.599088773175336e-08,1.586638260954498e-09,2.1678769963174097e-09,exact GR tensor xi=0 angular integral
500.0,3022.9903490799265,3522.9903490799265,1.0,0,20260723,2.0943951023931953,2.094394786379671,0.49999992455732833,0.5,7.599088773175336e-08,1.5306637831338032e-09,2.0788798433615246e-09,exact GR tensor xi=0 angular integral
500.0,3086.99511165732,3586.99511165732,1.0,0,20260723,2.0943951023931953,2.0943947862490835,0.49999992452615283,0.5,7.599088773175336e-08,1.4765241290684716e-09,1.9935646789932662e-09,exact GR tensor xi=0 angular integral
500.0,3152.355025644269,3652.355025644269,1.0,0,20260723,2.0943951023931953,2.094394786125839,0.49999992449673036,0.5,7.599088773175336e-08,1.4241794661297084e-09,1.911797549337942e-09,exact GR tensor xi=0 angular integral
500.0,3219.0987832078436,3719.0987832078436,1.0,0,20260723,2.0943951023931953,2.094394786009275,0.4999999244689027,0.5,7.599088773175336e-08,1.3734640806755008e-09,1.833254501914256e-09,exact GR tensor xi=0 angular integral
500.0,3287.255684004799,3787.255684004799,1.0,0,20260723,2.0943951023931953,2.094394785899416,0.4999999244426758,0.5,7.599088773175336e-08,1.3245029374339495e-09,1.7580665343532776e-09,exact GR tensor xi=0 angular integral
500.0,3356.855648043716,3856.855648043716,1.0,0,20260723,2.0943951023931953,2.094394785795692,0.4999999244179135,0.5,7.599088773175336e-08,1.2771545480401892e-09,1.6859558083742288e-09,exact GR tensor xi=0 angular integral
500.0,3427.9292288194583,3927.9292288194583,1.0,0,20260723,2.0943951023931953,2.094394785697718,0.49999992439452395,0.5,7.599088773175336e-08,1.2313486863945764e-09,1.616760397070813e-09,exact GR tensor xi=0 angular integral
500.0,3500.507626725862,4000.507626725862,1.0,0,20260723,2.0943951023931953,2.0943947856052105,0.4999999243724395,0.5,7.599088773175336e-08,1.187054051348301e-09,1.5503813143325e-09,exact GR tensor xi=0 angular integral
500.0,3574.6227027521995,4074.6227027521995,1.0,0,20260723,2.0943951023931953,2.0943947855179057,0.499999924351597,0.5,7.599088773175336e-08,1.14424295468613e-09,1.4867277369527141e-09,exact GR tensor xi=0 angular integral
500.0,3650.3069924698466,4150.306992469847,1.0,0,20260723,2.0943951023931953,2.094394785435626,0.49999992433195417,0.5,7.599088773175336e-08,1.1029264434873576e-09,1.425768323202697e-09,exact GR tensor xi=0 angular integral
500.0,3727.593720314938,4227.593720314938,1.0,0,20260723,2.0943951023931953,2.094394785357853,0.4999999243133872,0.5,7.599088773175336e-08,1.0629369073821468e-09,1.3672118673523245e-09,exact GR tensor xi=0 angular integral
500.0,3806.516814173427,4306.516814173427,1.0,0,20260723,2.0943951023931953,2.0943947852845577,0.49999992429588924,0.5,7.599088773175336e-08,1.0243480599047873e-09,1.3111250577253577e-09,exact GR tensor xi=0 angular integral
500.0,3887.1109202750977,4387.110920275098,1.0,0,20260723,2.0943951023931953,2.0943947852153544,0.4999999242793682,0.5,7.599088773175336e-08,9.87044066499314e-10,1.2572999761047075e-09,exact GR tensor xi=0 angular integral
500.0,3969.4114184026967,4469.411418402697,1.0,0,20260723,2.0943951023931953,2.0943947851501514,0.4999999242638021,0.5,7.599088773175336e-08,9.510597344416254e-10,1.2057495484302543e-09,exact GR tensor xi=0 angular integral
500.0,4053.4544374233114,4553.454437423312,1.0,0,20260723,2.0943951023931953,2.094394785088576,0.499999924249102,0.5,7.599088773175336e-08,9.162703812483271e-10,1.1562601402813697e-09,exact GR tensor xi=0 angular integral
500.0,4139.27687114844,4639.27687114844,1.0,0,20260723,2.0943951023931953,2.0943947850305,0.4999999242352374,0.5,7.599088773175336e-08,8.826802529761011e-10,1.108805417353333e-09,exact GR tensor xi=0 angular integral
500.0,4226.916394529845,4726.916394529845,1.0,0,20260723,2.0943951023931953,2.094394784975743,0.49999992422216516,0.5,7.599088773175336e-08,8.5026054927373e-10,1.063313445683195e-09,exact GR tensor xi=0 angular integral
500.0,4316.411480198483,4816.411480198483,1.0,0,20260723,2.0943951023931953,2.0943947849240896,0.4999999242098338,0.5,7.599088773175336e-08,8.189564269142162e-10,1.0196779516397101e-09,exact GR tensor xi=0 angular integral
500.0,4407.801415353447,4907.801415353447,1.0,0,20260723,2.0943951023931953,2.094394784875372,0.49999992419820344,0.5,7.599088773175336e-08,7.887362537815979e-10,9.77827410636087e-10,exact GR tensor xi=0 angular integral
500.0,4501.126319008486,5001.126319008486,1.0,0,20260723,2.0943951023931953,2.09439478482941,0.4999999241872308,0.5,7.599088773175336e-08,7.595545485438079e-10,9.376730789637966e-10,exact GR tensor xi=0 angular integral
500.0,4596.427159603871,5096.427159603871,1.0,0,20260723,2.0943951023931953,2.094394784786135,0.49999992417689965,0.5,7.599088773175336e-08,7.314341944249044e-10,8.992215847075515e-10,exact GR tensor xi=0 angular integral
500.0,4693.7457729908665,5193.7457729908665,1.0,0,20260723,2.0943951023931953,2.0943947847452895,0.49999992416714845,0.5,7.599088773175336e-08,7.042709876254182e-10,8.623071939049832e-10,exact GR tensor xi=0 angular integral
500.0,4793.124880797268,5293.124880797268,1.0,0,20260723,2.0943951023931953,2.094394784706782,0.4999999241579555,0.5,7.599088773175336e-08,6.78064045678256e-10,8.269073032889068e-10,exact GR tensor xi=0 angular integral
500.0,4894.608109181592,5394.608109181592,1.0,0,20260723,2.0943951023931953,2.0943947846704964,0.49999992414929295,0.5,7.599088773175336e-08,6.527929601196351e-10,7.929736814603019e-10,exact GR tensor xi=0 angular integral
500.0,4998.240007984346,5498.240007984346,1.0,0,20260723,2.0943951023931953,2.094394784636304,0.49999992414113,0.5,7.599088773175336e-08,6.284248529644604e-10,7.604426171199757e-10,exact GR tensor xi=0 angular integral
500.0,5104.0660702849755,5604.0660702849755,1.0,0,20260723,2.0943951023931953,2.0943947846040567,0.49999992413343164,0.5,7.599088773175336e-08,6.049096058343156e-10,7.292290376405869e-10,exact GR tensor xi=0 angular integral
500.0,5212.132752372581,5712.132752372581,1.0,0,20260723,2.0943951023931953,2.0943947845736695,0.49999992412617716,0.5,7.599088773175336e-08,5.822358207108816e-10,6.993007437748482e-10,exact GR tensor xi=0 angular integral
500.0,5322.487494139785,5822.487494139785,1.0,0,20260723,2.0943951023931953,2.0943947845450457,0.49999992411934374,0.5,7.599088773175336e-08,5.603834838022422e-10,6.706149695039912e-10,exact GR tensor xi=0 angular integral
500.0,5435.178739908172,5935.178739908172,1.0,0,20260723,2.0943951023931953,2.0943947845180513,0.4999999241128993,0.5,7.599088773175336e-08,5.392987044424407e-10,6.430857736141237e-10,exact GR tensor xi=0 angular integral
500.0,5550.255959694667,6050.255959694667,1.0,0,20260723,2.0943951023931953,2.0943947844926303,0.49999992410683053,0.5,7.599088773175336e-08,5.18984584147733e-10,6.167028691072402e-10,exact GR tensor xi=0 angular integral
500.0,5667.769670928383,6167.769670928383,1.0,0,20260723,2.0943951023931953,2.0943947844686717,0.49999992410111077,0.5,7.599088773175336e-08,4.993977755859462e-10,5.913963405355947e-10,exact GR tensor xi=0 angular integral
500.0,5787.771460626962,6287.771460626962,1.0,0,20260723,2.0943951023931953,2.0943947844460973,0.4999999240957215,0.5,7.599088773175336e-08,4.805178162313485e-10,5.671270597642692e-10,exact GR tensor xi=0 angular integral
500.0,5910.314008042766,6410.314008042766,1.0,0,20260723,2.0943951023931953,2.0943947844248316,0.49999992409064475,0.5,7.599088773175336e-08,4.623243872148975e-10,5.438568825216611e-10,exact GR tensor xi=0 angular integral
500.0,6035.451107788331,6535.451107788331,1.0,0,20260723,2.0943951023931953,2.094394784404794,0.49999992408586114,0.5,7.599088773175336e-08,4.447883822244796e-10,5.215372772296954e-10,exact GR tensor xi=0 angular integral
500.0,6163.237693451441,6663.237693451441,1.0,0,20260723,2.0943951023931953,2.094394784385915,0.4999999240813542,0.5,7.599088773175336e-08,4.2788800892330944e-10,5.001299105474465e-10,exact GR tensor xi=0 angular integral
500.0,6293.729861710445,6793.729861710445,1.0,0,20260723,2.0943951023931953,2.0943947843681356,0.49999992407710964,0.5,7.599088773175336e-08,4.11607903096635e-10,4.79605279627936e-10,exact GR tensor xi=0 angular integral
500.0,6426.984896959774,6926.984896959774,1.0,0,20260723,2.0943951023931953,2.094394784351392,0.49999992407311233,0.5,7.599088773175336e-08,3.95925967293741e-10,4.599260223861011e-10,exact GR tensor xi=0 angular integral
500.0,6563.061296457247,7063.061296457247,1.0,0,20260723,2.0943951023931953,2.0943947843356154,0.49999992406934596,0.5,7.599088773175336e-08,3.80813353571418e-10,4.4104706773008645e-10,exact GR tensor xi=0 angular integral
500.0,6702.018796003536,7202.018796003536,1.0,0,20260723,2.0943951023931953,2.0943947843207633,0.49999992406580024,0.5,7.599088773175336e-08,3.6626203393669743e-10,4.229500074948483e-10,exact GR tensor xi=0 angular integral
500.0,6843.918396165342,7343.918396165342,1.0,0,20260723,2.0943951023931953,2.094394784306778,0.4999999240624616,0.5,7.599088773175336e-08,3.522490780836421e-10,4.0559836796615975e-10,exact GR tensor xi=0 angular integral
500.0,6988.822389054048,7488.822389054048,1.0,0,20260723,2.0943951023931953,2.0943947842936037,0.4999999240593164,0.5,7.599088773175336e-08,3.38749067154754e-10,3.889532659438089e-10,exact GR tensor xi=0 angular integral
500.0,7136.794385670948,7636.794385670948,1.0,0,20260723,2.0943951023931953,2.094394784281198,0.49999992405635474,0.5,7.599088773175336e-08,3.257479763968498e-10,3.729904568884815e-10,exact GR tensor xi=0 angular integral
500.0,7287.899343831854,7787.899343831854,1.0,0,20260723,2.0943951023931953,2.0943947842695185,0.49999992405356647,0.5,7.599088773175336e-08,3.132312609266373e-10,3.5768548527978426e-10,exact GR tensor xi=0 angular integral
500.0,7442.203596682666,7942.203596682666,1.0,0,20260723,2.0943951023931953,2.094394784258516,0.4999999240509399,0.5,7.599088773175336e-08,3.0117373771280535e-10,3.4300138677489966e-10,exact GR tensor xi=0 angular integral
500.0,7599.774881818682,8099.774881818682,1.0,0,20260723,2.0943951023931953,2.094394784248164,0.4999999240484685,0.5,7.599088773175336e-08,2.89572250824832e-10,3.289284735615219e-10,exact GR tensor xi=0 angular integral
500.0,7760.682371020752,8260.682371020752,1.0,0,20260723,2.0943951023931953,2.094394784238413,0.49999992404614063,0.5,7.599088773175336e-08,2.7839827298213556e-10,3.154266354221257e-10,exact GR tensor xi=0 angular integral
500.0,7924.996700620557,8424.996700620557,1.0,0,20260723,2.0943951023931953,2.0943947842292374,0.4999999240439501,0.5,7.599088773175336e-08,2.6764690012745183e-10,3.0248477996038494e-10,exact GR tensor xi=0 angular integral
500.0,8092.790002509274,8592.790002509275,1.0,0,20260723,2.0943951023931953,2.094394784220599,0.49999992404188787,0.5,7.599088773175336e-08,2.572972045785029e-10,2.9007282316789527e-10,exact GR tensor xi=0 angular integral
500.0,8264.135935802466,8764.135935802466,1.0,0,20260723,2.0943951023931953,2.094394784212464,0.49999992403994575,0.5,7.599088773175336e-08,2.4733148804199916e-10,2.7816499713512063e-10,exact GR tensor xi=0 angular integral
500.0,8439.109719175387,8939.109719175387,1.0,0,20260723,2.0943951023931953,2.0943947842048094,0.4999999240381183,0.5,7.599088773175336e-08,2.377437977064298e-10,2.667498845274794e-10,exact GR tensor xi=0 angular integral
500.0,8617.788163883222,9117.788163883222,1.0,0,20260723,2.0943951023931953,2.0943947841976067,0.4999999240363988,0.5,7.599088773175336e-08,2.2852003389018656e-10,2.558066017098918e-10,exact GR tensor xi=0 angular integral
500.0,8800.249707480147,9300.249707480147,1.0,0,20260723,2.0943951023931953,2.0943947841908246,0.4999999240347797,0.5,7.599088773175336e-08,2.196404346019741e-10,2.4530789248920904e-10,exact GR tensor xi=0 angular integral
500.0,8986.574448252302,9486.574448252302,1.0,0,20260723,2.0943951023931953,2.0943947841844412,0.49999992403325577,0.5,7.599088773175336e-08,2.1109587927948976e-10,2.35239408162447e-10,exact GR tensor xi=0 angular integral
500.0,9176.844180380172,9676.844180380172,1.0,0,20260723,2.0943951023931953,2.0943947841784367,0.49999992403182236,0.5,7.599088773175336e-08,2.028791130960411e-10,2.255891971043819e-10,exact GR tensor xi=0 angular integral
500.0,9371.142429844891,9871.142429844891,1.0,0,20260723,2.0943951023931953,2.0943947841727817,0.49999992403047233,0.5,7.599088773175336e-08,1.949679711839993e-10,2.1632805696042215e-10,exact GR tensor xi=0 angular integral
500.0,9569.55449109534,10069.55449109534,1.0,0,20260723,2.0943951023931953,2.094394784167463,0.4999999240292025,0.5,7.599088773175336e-08,1.8736084787236803e-10,2.0745112913467975e-10,exact GR tensor xi=0 angular integral
500.0,9772.167464491211,10272.167464491211,1.0,0,20260723,2.0943951023931953,2.0943947841624575,0.4999999240280075,0.5,7.599088773175336e-08,1.8004225677231653e-10,1.989375110740398e-10,exact GR tensor xi=0 angular integral
500.0,9979.070294538835,10479.070294538835,1.0,0,20260723,2.0943951023931953,2.0943947841577475,0.4999999240268831,0.5,7.599088773175336e-08,1.7300293477253378e-10,1.9077378058331556e-10,exact GR tensor xi=0 angular integral
500.0,10190.353808936954,10690.353808936954,1.0,0,20260723,2.0943951023931953,2.0943947841533173,0.49999992402582544,0.5,7.599088773175336e-08,1.6623424211864356e-10,1.829474129958541e-10,exact GR tensor xi=0 angular integral
500.0,10406.110758448607,10906.110758448607,1.0,0,20260723,2.0943951023931953,2.0943947841491455,0.49999992402482957,0.5,7.599088773175336e-08,1.597197422185818e-10,1.7543707201199252e-10,exact GR tensor xi=0 angular integral
500.0,10626.435857617806,11126.435857617806,1.0,0,20260723,2.0943951023931953,2.0943947841452237,0.49999992402389326,0.5,7.599088773175336e-08,1.5345874092304203e-10,1.6823975340389124e-10,exact GR tensor xi=0 angular integral
500.0,10851.425826347897,11351.425826347897,1.0,0,20260723,2.0943951023931953,2.094394784141533,0.49999992402301213,0.5,7.599088773175336e-08,1.4743586417530509e-10,1.6133569761438718e-10,exact GR tensor xi=0 angular integral
500.0,11081.179432360232,11581.179432360232,1.0,0,20260723,2.0943951023931953,2.094394784138059,0.49999992402218285,0.5,7.599088773175336e-08,1.4164251617000768e-10,1.5471311664879642e-10,exact GR tensor xi=0 angular integral
500.0,11315.797534552228,11815.797534552228,1.0,0,20260723,2.0943951023931953,2.094394784134793,0.49999992402140314,0.5,7.599088773175336e-08,1.3607460754260438e-10,1.4836549428261305e-10,exact GR tensor xi=0 angular integral
500.0,11555.383127272795,12055.383127272795,1.0,0,20260723,2.0943951023931953,2.09439478413172,0.4999999240206695,0.5,7.599088773175336e-08,1.3072009185497494e-10,1.4227736162529335e-10,exact GR tensor xi=0 angular integral
500.0,11800.04138553585,12300.04138553585,1.0,0,20260723,2.0943951023931953,2.0943947841288284,0.49999992401997917,0.5,7.599088773175336e-08,1.2557031537639894e-10,1.364372666495368e-10,exact GR tensor xi=0 angular integral
500.0,12049.879711190662,12549.879711190662,1.0,0,20260723,2.0943951023931953,2.0943947841261097,0.49999992401933013,0.5,7.599088773175336e-08,1.206216178754206e-10,1.3083952735592093e-10,exact GR tensor xi=0 angular integral
500.0,12305.00778006976,12805.00778006976,1.0,0,20260723,2.0943951023931953,2.0943947841235513,0.4999999240187194,0.5,7.599088773175336e-08,1.1586214643627747e-10,1.254692977509666e-10,exact GR tensor xi=0 angular integral
500.0,12565.537590135547,13065.537590135547,1.0,0,20260723,2.0943951023931953,2.094394784121145,0.499999924018145,0.5,7.599088773175336e-08,1.1128733836611367e-10,1.2032008438747572e-10,exact GR tensor xi=0 angular integral
500.0,12831.583510645589,13331.583510645589,1.0,0,20260723,2.0943951023931953,2.094394784118882,0.49999992401760474,0.5,7.599088773175336e-08,1.0688968661037253e-10,1.1538216444723545e-10,exact GR tensor xi=0 angular integral
500.0,13103.262332359604,13603.262332359604,1.0,0,20260723,2.0943951023931953,2.094394784116754,0.4999999240170967,0.5,7.599088773175336e-08,1.0266343052330806e-10,1.1064787102424601e-10,exact GR tensor xi=0 angular integral
500.0,13380.693318808966,13880.693318808966,1.0,0,20260723,2.0943951023931953,2.094394784114752,0.49999992401661875,0.5,7.599088773175336e-08,9.86001513258183e-11,1.061066503884735e-10,exact GR tensor xi=0 angular integral
500.0,13663.99825865171,14163.99825865171,1.0,0,20260723,2.0943951023931953,2.09439478411287,0.4999999240161694,0.5,7.599088773175336e-08,9.469561102359275e-11,1.0175271030916043e-10,exact GR tensor xi=0 angular integral
500.0,13953.301519136572,14453.301519136572,1.0,0,20260723,2.0943951023931953,2.094394784111099,0.49999992401574667,0.5,7.599088773175336e-08,9.09429092525164e-11,9.757735965462134e-11,exact GR tensor xi=0 angular integral
500.0,14248.730100698183,14748.730100698183,1.0,0,20260723,2.0943951023931953,2.094394784109434,0.49999992401534915,0.5,7.599088773175336e-08,8.733567686508077e-11,9.357258044741644e-11,exact GR tensor xi=0 angular integral
500.0,14550.413692709028,15050.413692709028,1.0,0,20260723,2.0943951023931953,2.0943947841078683,0.4999999240149754,0.5,7.599088773175336e-08,8.387000745389936e-11,8.97331563262287e-11,exact GR tensor xi=0 angular integral
500.0,14858.484730411259,15358.484730411259,1.0,0,20260723,2.0943951023931953,2.094394784106396,0.49999992401462384,0.5,7.599088773175336e-08,8.053881127166177e-11,8.605040638134757e-11,exact GR tensor xi=0 angular integral
500.0,15173.078453053891,15673.078453053891,1.0,0,20260723,2.0943951023931953,2.094394784105011,0.4999999240142932,0.5,7.599088773175336e-08,7.733766813422266e-11,8.251867024557789e-11,exact GR tensor xi=0 angular integral
500.0,15494.33296326146,15994.33296326146,1.0,0,20260723,2.0943951023931953,2.0943947841037094,0.4999999240139825,0.5,7.599088773175336e-08,7.426276710511005e-11,7.913300979078334e-11,exact GR tensor xi=0 angular integral
500.0,15822.389287659144,16322.389287659144,1.0,0,20260723,2.0943951023931953,2.0943947841024855,0.49999992401369026,0.5,7.599088773175336e-08,7.130765373480325e-11,7.588563014032952e-11,exact GR tensor xi=0 angular integral
500.0,16157.39143878144,16657.39143878144,1.0,0,20260723,2.0943951023931953,2.094394784101334,0.4999999240134154,0.5,7.599088773175336e-08,6.846830463086938e-11,7.277146650213856e-11,exact GR tensor xi=0 angular integral
500.0,16499.486478292292,16999.486478292292,1.0,0,20260723,2.0943951023931953,2.0943947841002517,0.499999924013157,0.5,7.599088773175336e-08,6.57400856706187e-11,6.978483011064365e-11,exact GR tensor xi=0 angular integral
500.0,16848.824581542747,17348.824581542747,1.0,0,20260723,2.0943951023931953,2.0943947840992343,0.4999999240129141,0.5,7.599088773175336e-08,6.311942305647209e-11,6.692123734486944e-11,exact GR tensor xi=0 angular integral
500.0,17205.55910349649,17705.55910349649,1.0,0,20260723,2.0943951023931953,2.0943947840982773,0.4999999240126856,0.5,7.599088773175336e-08,6.060115699852527e-11,6.417451403220142e-11,exact GR tensor xi=0 angular integral
500.0,17569.8466460505,18069.8466460505,1.0,0,20260723,2.0943951023931953,2.0943947840973776,0.49999992401247084,0.5,7.599088773175336e-08,5.818276891514009e-11,6.154140802326445e-11,exact GR tensor xi=0 angular integral
500.0,17941.847126781096,18441.847126781096,1.0,0,20260723,2.0943951023931953,2.094394784096532,0.499999924012269,0.5,7.599088773175336e-08,5.5859166567268985e-11,5.901589965637416e-11,exact GR tensor xi=0 angular integral
500.0,18321.723849146172,18821.723849146172,1.0,0,20260723,2.0943951023931953,2.0943947840957367,0.49999992401207916,0.5,7.599088773175336e-08,5.3626831736571345e-11,5.659372131093093e-11,exact GR tensor xi=0 angular integral
500.0,18709.64357417278,19209.64357417278,1.0,0,20260723,2.0943951023931953,2.094394784094989,0.49999992401190063,0.5,7.599088773175336e-08,5.14826819131334e-11,5.4271109642050545e-11,exact GR tensor xi=0 angular integral
500.0,19105.77659366358,19605.77659366358,1.0,0,20260723,2.0943951023931953,2.0943947840942867,0.49999992401173293,0.5,7.599088773175336e-08,4.942355784839311e-11,5.2044247034378516e-11,exact GR tensor xi=0 angular integral
500.0,19510.296804952577,20010.296804952577,1.0,0,20260723,2.0943951023931953,2.094394784093626,0.4999999240115752,0.5,7.599088773175336e-08,4.744554330181714e-11,4.990852754107778e-11,exact GR tensor xi=0 angular integral
500.0,19923.38178724355,20423.38178724355,1.0,0,20260723,2.0943951023931953,2.094394784093005,0.499999924011427,0.5,7.599088773175336e-08,4.554575448772943e-11,4.786048996900681e-11,exact GR tensor xi=0 angular integral
500.0,20345.21287956565,20845.21287956565,1.0,0,20260723,2.0943951023931953,2.094394784092421,0.4999999240112876,0.5,7.599088773175336e-08,4.3720801173653524e-11,4.589615313458804e-11,exact GR tensor xi=0 angular integral
500.0,20775.975260378233,21275.975260378233,1.0,0,20260723,2.0943951023931953,2.094394784091872,0.49999992401115656,0.5,7.599088773175336e-08,4.196846356241096e-11,4.4012820092691e-11,exact GR tensor xi=0 angular integral
500.0,21215.858028862436,21715.858028862436,1.0,0,20260723,2.0943951023931953,2.0943947840913566,0.49999992401103344,0.5,7.599088773175336e-08,4.028553120710428e-11,4.220675055473307e-11,exact GR tensor xi=0 angular integral
500.0,21665.05428793306,22165.05428793306,1.0,0,20260723,2.0943951023931953,2.0943947840908717,0.4999999240109177,0.5,7.599088773175336e-08,3.8669000335688806e-11,4.0474450162168746e-11,exact GR tensor xi=0 angular integral
500.0,22123.761229007992,22623.761229007992,1.0,0,20260723,2.0943951023931953,2.094394784090416,0.4999999240108089,0.5,7.599088773175336e-08,3.711693653528009e-11,3.88135906278337e-11,exact GR tensor xi=0 angular integral
500.0,22592.18021857336,23092.18021857336,1.0,0,20260723,2.0943951023931953,2.0943947840899875,0.49999992401070664,0.5,7.599088773175336e-08,3.5626281875177764e-11,3.7220659428383935e-11,exact GR tensor xi=0 angular integral
500.0,23070.51688658012,23570.51688658012,1.0,0,20260723,2.0943951023931953,2.0943947840895847,0.4999999240106105,0.5,7.599088773175336e-08,3.4195031253000696e-11,3.569328843422186e-11,exact GR tensor xi=0 angular integral
500.0,23558.981216713604,24058.981216713604,1.0,0,20260723,2.0943951023931953,2.0943947840892063,0.4999999240105201,0.5,7.599088773175336e-08,3.2820666518953354e-11,3.422857806431491e-11,exact GR tensor xi=0 angular integral
500.0,24057.787638573423,24557.787638573423,1.0,0,20260723,2.0943951023931953,2.0943947840888506,0.49999992401043525,0.5,7.599088773175336e-08,3.150095270946035e-11,3.282394733168571e-11,exact GR tensor xi=0 angular integral
500.0,24567.15512180502,25067.15512180502,1.0,0,20260723,2.0943951023931953,2.094394784088516,0.4999999240103554,0.5,7.599088773175336e-08,3.023361987736124e-11,3.147679338740122e-11,exact GR tensor xi=0 angular integral
500.0,25087.307272225222,25587.307272225222,1.0,0,20260723,2.0943951023931953,2.0943947840882022,0.4999999240102804,0.5,7.599088773175336e-08,2.9017049325293296e-11,3.018521937269883e-11,exact GR tensor xi=0 angular integral
500.0,25618.47242998155,26118.47242998155,1.0,0,20260723,2.0943951023931953,2.094394784087907,0.49999992401020993,0.5,7.599088773175336e-08,2.7848796378357733e-11,2.8946464329921325e-11,exact GR tensor xi=0 angular integral
500.0,26160.88376979133,26660.88376979133,1.0,0,20260723,2.0943951023931953,2.0943947840876294,0.49999992401014365,0.5,7.599088773175336e-08,2.6727216523437888e-11,2.77586292981366e-11,exact GR tensor xi=0 angular integral
500.0,26714.779403302113,27214.779403302113,1.0,0,20260723,2.0943951023931953,2.0943947840873682,0.49999992401008136,0.5,7.599088773175336e-08,2.565029407316871e-11,2.6619433520676058e-11,exact GR tensor xi=0 angular integral
500.0,27280.402483619328,27780.402483619328,1.0,0,20260723,2.0943951023931953,2.0943947840871235,0.49999992401002286,0.5,7.599088773175336e-08,2.4616461778222103e-11,2.5527081905961756e-11,exact GR tensor xi=0 angular integral
500.0,27858.001312048127,28358.001312048127,1.0,0,20260723,2.0943951023931953,2.094394784086893,0.4999999240099679,0.5,7.599088773175336e-08,2.362382789557343e-11,2.4479446690369943e-11,exact GR tensor xi=0 angular integral
500.0,28447.829447093627,28947.829447093627,1.0,0,20260723,2.0943951023931953,2.094394784086677,0.4999999240099162,0.5,7.599088773175336e-08,2.2670991797034546e-11,2.3474928421314586e-11,exact GR tensor xi=0 angular integral
500.0,29050.145815770622,29550.145815770622,1.0,0,20260723,2.0943951023931953,2.094394784086473,0.4999999240098676,0.5,7.599088773175336e-08,2.1756104711992036e-11,2.2511464235758433e-11,exact GR tensor xi=0 angular integral
500.0,29665.2148272689,30165.2148272689,1.0,0,20260723,2.0943951023931953,2.094394784086282,0.49999992400982196,0.5,7.599088773175336e-08,2.0877966262977808e-11,2.158768303847371e-11,exact GR tensor xi=0 angular integral
500.0,30293.30648902515,30793.30648902515,1.0,0,20260723,2.0943951023931953,2.094394784086102,0.49999992400977905,0.5,7.599088773175336e-08,2.003501209470948e-11,2.0701838327130485e-11,exact GR tensor xi=0 angular integral
500.0,30934.696525253486,31434.696525253486,1.0,0,20260723,2.0943951023931953,2.0943947840859334,0.49999992400973875,0.5,7.599088773175336e-08,1.9225706067136732e-11,1.9852221466391152e-11,exact GR tensor xi=0 angular integral
500.0,31589.666497984486,32089.666497984486,1.0,0,20260723,2.0943951023931953,2.094394784085775,0.4999999240097009,0.5,7.599088773175336e-08,1.844888763233773e-11,1.903752541679025e-11,exact GR tensor xi=0 angular integral
500.0,32258.50393066697,32758.50393066697,1.0,0,20260723,2.0943951023931953,2.0943947840856256,0.49999992400966525,0.5,7.599088773175336e-08,1.7703264400708718e-11,1.825631118100662e-11,exact GR tensor xi=0 angular integral
500.0,32941.502434387985,33441.502434387985,1.0,0,20260723,2.0943951023931953,2.0943947840854853,0.49999992400963184,0.5,7.599088773175336e-08,1.6987518134200354e-11,1.7507119187131852e-11,exact GR tensor xi=0 angular integral
500.0,33638.96183676331,34138.96183676331,1.0,0,20260723,2.0943951023931953,2.094394784085354,0.4999999240096004,0.5,7.599088773175336e-08,1.6300516793014145e-11,1.6788690864291752e-11,exact GR tensor xi=0 angular integral
500.0,34351.18831355882,34851.18831355882,1.0,0,20260723,2.0943951023931953,2.09439478408523,0.4999999240095709,0.5,7.599088773175336e-08,1.564104088356404e-11,1.6099681782754824e-11,exact GR tensor xi=0 angular integral
500.0,35078.494523097426,35578.494523097426,1.0,0,20260723,2.0943951023931953,2.094394784085114,0.4999999240095432,0.5,7.599088773175336e-08,1.500812571441057e-11,1.543901900455072e-11,exact GR tensor xi=0 angular integral
500.0,35821.19974351158,36321.19974351158,1.0,0,20260723,2.0943951023931953,2.094394784085005,0.4999999240095171,0.5,7.599088773175336e-08,1.4400600219739102e-11,1.4805418988612748e-11,exact GR tensor xi=0 angular integral
500.0,36579.63001290331,37079.63001290331,1.0,0,20260723,2.0943951023931953,2.094394784084902,0.49999992400949256,0.5,7.599088773175336e-08,1.3817510790886681e-11,1.4197829838495641e-11,exact GR tensor xi=0 angular integral
500.0,37354.118272469655,37854.118272469655,1.0,0,20260723,2.0943951023931953,2.0943947840848054,0.4999999240094695,0.5,7.599088773175336e-08,1.325788805080357e-11,1.3615187473420014e-11,exact GR tensor xi=0 angular integral
500.0,38145.00451266059,38645.00451266059,1.0,0,20260723,2.0943951023931953,2.0943947840847152,0.4999999240094479,0.5,7.599088773175336e-08,1.2720809569939843e-11,1.3056480790081355e-11,exact GR tensor xi=0 angular integral
500.0,38952.63592243006,39452.63592243006,1.0,0,20260723,2.0943951023931953,2.09439478408463,0.4999999240094276,0.5,7.599088773175336e-08,1.2205304238750603e-11,1.2520651986165411e-11,exact GR tensor xi=0 angular integral
500.0,39777.367041647034,40277.367041647034,1.0,0,20260723,2.0943951023931953,2.09439478408455,0.4999999240094085,0.5,7.599088773175336e-08,1.171062933932977e-11,1.2006884297908881e-11,exact GR tensor xi=0 angular integral
500.0,40619.55991673506,41119.55991673506,1.0,0,20260723,2.0943951023931953,2.094394784084475,0.4999999240093906,0.5,7.599088773175336e-08,1.1235800931222675e-11,1.1514113792971848e-11,exact GR tensor xi=0 angular integral
500.0,41479.58425960474,41979.58425960474,1.0,0,20260723,2.0943951023931953,2.0943947840844044,0.4999999240093737,0.5,7.599088773175336e-08,1.0780143510129264e-11,1.1041600011361579e-11,exact GR tensor xi=0 angular integral
500.0,42357.81760995368,42857.81760995368,1.0,0,20260723,2.0943951023931953,2.0943947840843378,0.4999999240093579,0.5,7.599088773175336e-08,1.034289290255552e-11,1.0588513324998468e-11,exact GR tensor xi=0 angular integral
500.0,43254.645501001134,43754.645501001134,1.0,0,20260723,2.0943951023931953,2.0943947840842756,0.49999992400934296,0.5,7.599088773175336e-08,9.923215519652355e-12,1.015395513020928e-11,exact GR tensor xi=0 angular integral
500.0,44170.46162873159,44670.46162873159,1.0,0,20260723,2.0943951023931953,2.094394784084217,0.49999992400932897,0.5,7.599088773175336e-08,9.520527336466397e-12,9.737287953238155e-12,exact GR tensor xi=0 angular integral
500.0,45105.66802472351,45605.66802472351,1.0,0,20260723,2.0943951023931953,2.0943947840841624,0.4999999240093159,0.5,7.599088773175336e-08,9.134046827768196e-12,9.33767236024391e-12,exact GR tensor xi=0 angular integral
500.0,46060.675232634654,46560.675232634654,1.0,0,20260723,2.0943951023931953,2.0943947840841104,0.49999992400930354,0.5,7.599088773175336e-08,8.763193220897856e-12,8.954478961102645e-12,exact GR tensor xi=0 angular integral
500.0,47035.90248842676,47535.90248842676,1.0,0,20260723,2.0943951023931953,2.0943947840840615,0.49999992400929194,0.5,7.599088773175336e-08,8.4073421794968e-12,8.587035440725941e-12,exact GR tensor xi=0 angular integral
500.0,48031.7779044042,48531.7779044042,1.0,0,20260723,2.0943951023931953,2.0943947840840162,0.49999992400928106,0.5,7.599088773175336e-08,8.065835646338249e-12,8.234636804368683e-12,exact GR tensor xi=0 angular integral
500.0,49048.738657149304,49548.738657149304,1.0,0,20260723,2.0943951023931953,2.094394784083973,0.4999999240092708,0.5,7.599088773175336e-08,7.738133553492832e-12,7.896701824730063e-12,exact GR tensor xi=0 angular integral
500.0,50087.23117943856,50587.23117943856,1.0,0,20260723,2.0943951023931953,2.094394784083933,0.49999992400926124,0.5,7.599088773175336e-08,7.423685200827276e-12,7.57264008235444e-12,exact GR tensor xi=0 angular integral
500.0,51147.71135621938,51647.71135621938,1.0,0,20260723,2.0943951023931953,2.094394784083895,0.49999992400925214,0.5,7.599088773175336e-08,7.121952145762367e-12,7.261875517749452e-12,exact GR tensor xi=0 angular integral
500.0,52230.64472473915,52730.64472473915,1.0,0,20260723,2.0943951023931953,2.0943947840838595,0.4999999240092437,0.5,7.599088773175336e-08,6.832422725662885e-12,6.963861286300618e-12,exact GR tensor xi=0 angular integral
500.0,53336.50667890955,53836.50667890955,1.0,0,20260723,2.0943951023931953,2.094394784083826,0.4999999240092357,0.5,7.599088773175336e-08,6.5546231760634e-12,6.678091062141297e-12,exact GR tensor xi=0 angular integral
500.0,54465.78267799773,54965.78267799773,1.0,0,20260723,2.0943951023931953,2.0943947840837946,0.4999999240092282,0.5,7.599088773175336e-08,6.288063877057684e-12,6.404043632930017e-12,exact GR tensor xi=0 angular integral
500.0,55618.96845973805,56118.96845973805,1.0,0,20260723,2.0943951023931953,2.0943947840837653,0.4999999240092212,0.5,7.599088773175336e-08,6.03229268716425e-12,6.141237691068121e-12,exact GR tensor xi=0 angular integral
500.0,56796.57025795393,57296.57025795393,1.0,0,20260723,2.0943951023931953,2.094394784083738,0.4999999240092146,0.5,7.599088773175336e-08,5.7868710960144146e-12,5.8892072024279606e-12,exact GR tensor xi=0 angular integral
500.0,57999.10502478738,58499.10502478738,1.0,0,20260723,2.0943951023931953,2.0943947840837116,0.4999999240092084,0.5,7.599088773175336e-08,5.5513998668016125e-12,5.647527642575267e-12,exact GR tensor xi=0 angular integral
500.0,59227.100657635965,59727.100657635965,1.0,0,20260723,2.0943951023931953,2.094394784083687,0.49999992400920257,0.5,7.599088773175336e-08,5.325472034659071e-12,5.415767652187076e-12,exact GR tensor xi=0 angular integral
500.0,60481.096230891155,60981.096230891155,1.0,0,20260723,2.0943951023931953,2.094394784083664,0.49999992400919707,0.5,7.599088773175336e-08,5.1087016694882435e-12,5.193518509049992e-12,exact GR tensor xi=0 angular integral
500.0,61761.64223258675,62261.64223258675,1.0,0,20260723,2.0943951023931953,2.0943947840836428,0.4999999240091919,0.5,7.599088773175336e-08,4.900719451037572e-12,4.980389508278741e-12,exact GR tensor xi=0 angular integral
500.0,63069.30080605543,63569.30080605543,1.0,0,20260723,2.0943951023931953,2.0943947840836223,0.4999999240091871,0.5,7.599088773175336e-08,4.701181097789554e-12,4.776016521693171e-12,exact GR tensor xi=0 angular integral
500.0,64404.64599670164,64904.64599670164,1.0,0,20260723,2.0943951023931953,2.0943947840836032,0.49999992400918253,0.5,7.599088773175336e-08,4.509718581327058e-12,4.580011977235852e-12,exact GR tensor xi=0 angular integral
500.0,65768.26400400206,66268.26400400206,1.0,0,20260723,2.0943951023931953,2.0943947840835855,0.49999992400917825,0.5,7.599088773175336e-08,4.3260390011974415e-12,4.392066039895508e-12,exact GR tensor xi=0 angular integral
500.0,67160.75343883756,67660.75343883756,1.0,0,20260723,2.0943951023931953,2.094394784083569,0.4999999240091743,0.5,7.599088773175336e-08,4.149806910621737e-12,4.211826082470275e-12,exact GR tensor xi=0 angular integral
500.0,68582.72558627761,69082.72558627761,1.0,0,20260723,2.0943951023931953,2.094394784083553,0.49999992400917054,0.5,7.599088773175336e-08,3.980727489115976e-12,4.0389817715287e-12,exact GR tensor xi=0 angular integral
500.0,70034.80467392574,70534.80467392574,1.0,0,20260723,2.0943951023931953,2.0943947840835384,0.499999924009167,0.5,7.599088773175336e-08,3.818518520886114e-12,3.873236324602548e-12,exact GR tensor xi=0 angular integral
500.0,71517.62814594677,72017.62814594677,1.0,0,20260723,2.0943951023931953,2.094394784083524,0.49999992400916365,0.5,7.599088773175336e-08,3.662886140965737e-12,3.714281696483155e-12,exact GR tensor xi=0 angular integral
500.0,73031.84694289851,73531.84694289851,1.0,0,20260723,2.0943951023931953,2.0943947840835113,0.49999992400916055,0.5,7.599088773175336e-08,3.513589484571768e-12,3.561864573241962e-12,exact GR tensor xi=0 angular integral
500.0,74578.12578748412,75078.12578748412,1.0,0,20260723,2.0943951023931953,2.094394784083499,0.4999999240091576,0.5,7.599088773175336e-08,3.3703439307159515e-12,3.4156875233039612e-12,exact GR tensor xi=0 angular integral
500.0,76157.14347635889,76657.14347635889,1.0,0,20260723,2.0943951023931953,2.0943947840834873,0.49999992400915483,0.5,7.599088773175336e-08,3.2329264490568114e-12,3.275516511253741e-12,exact GR tensor xi=0 angular integral
500.0,77769.59317811245,78269.59317811245,1.0,0,20260723,2.0943951023931953,2.0943947840834767,0.4999999240091523,0.5,7.599088773175336e-08,3.1010942588641827e-12,3.1410978324064286e-12,exact GR tensor xi=0 angular integral
500.0,79416.18273755997,79916.18273755997,1.0,0,20260723,2.0943951023931953,2.0943947840834665,0.49999992400914983,0.5,7.599088773175336e-08,2.9746216915862636e-12,3.0121957035262055e-12,exact GR tensor xi=0 angular integral
500.0,81097.63498647914,81597.63498647914,1.0,0,20260723,2.0943951023931953,2.0943947840834567,0.49999992400914756,0.5,7.599088773175336e-08,2.853290324086757e-12,2.8885821643046405e-12,exact GR tensor xi=0 angular integral
500.0,82814.68806092166,83314.68806092166,1.0,0,20260723,2.0943951023931953,2.094394784083448,0.4999999240091454,0.5,7.599088773175336e-08,2.736894710298128e-12,2.7700428866798462e-12,exact GR tensor xi=0 angular integral
500.0,84568.09572524764,85068.09572524764,1.0,0,20260723,2.0943951023931953,2.0943947840834394,0.4999999240091434,0.5,7.599088773175336e-08,2.6252322175178353e-12,2.656366793042318e-12,exact GR tensor xi=0 angular integral
500.0,86358.62770301769,86858.62770301769,1.0,0,20260723,2.0943951023931953,2.0943947840834314,0.4999999240091415,0.5,7.599088773175336e-08,2.5181129231683767e-12,2.5473561096469058e-12,exact GR tensor xi=0 angular integral
500.0,88187.07001489059,88687.07001489059,1.0,0,20260723,2.0943951023931953,2.0943947840834243,0.49999992400913973,0.5,7.599088773175336e-08,2.4153530044426727e-12,2.4428196092627152e-12,exact GR tensor xi=0 angular integral
500.0,90054.22532367881,90554.22532367881,1.0,0,20260723,2.0943951023931953,2.094394784083417,0.49999992400913806,0.5,7.599088773175336e-08,2.3167756021122776e-12,2.3425734688130022e-12,exact GR tensor xi=0 angular integral
500.0,91960.91328670438,92460.91328670438,1.0,0,20260723,2.0943951023931953,2.0943947840834105,0.49999992400913645,0.5,7.599088773175336e-08,2.222212060300677e-12,2.2464425080418827e-12,exact GR tensor xi=0 angular integral
500.0,93907.97091562048,94407.97091562048,1.0,0,20260723,2.0943951023931953,2.0943947840834043,0.499999924009135,0.5,7.599088773175336e-08,2.131495059666877e-12,2.154253189659574e-12,exact GR tensor xi=0 angular integral
500.0,95896.25294384781,96396.25294384781,1.0,0,20260723,2.0943951023931953,2.0943947840833985,0.4999999240091336,0.5,7.599088773175336e-08,2.0444723185475847e-12,2.0658475255431094e-12,exact GR tensor xi=0 angular integral
500.0,97926.63220179045,98426.63220179045,1.0,0,20260723,2.0943951023931953,2.094394784083393,0.49999992400913235,0.5,7.599088773175336e-08,1.9609924707574806e-12,1.9810687044516007e-12,exact GR tensor xi=0 angular integral
500.0,100000.0,100500.0,1.0,0,20260723,2.0943951023931953,2.094394784083388,0.49999992400913107,0.5,7.599088773175336e-08,1.88091601029067e-12,1.8997721932938337e-12,exact GR tensor xi=0 angular integral
